"Lugar_del_Accidente";"N_de_Muertos";"PromEdad";"PorcentH";"PorcenM";"Porcent2017";"Porcent2018";"Porcent2019";"Etiqueta"
"Azuay - Cuenca - Bellavista";5;19,8;0,4;0,6;0,2;0;0,8;"Operativos Regulares frecuentes"
"Azuay - Cuenca - Canaribamba";1;24;1;0;1;0;0;"Operativos Regulares frecuentes"
"Azuay - Cuenca - El Batan";6;37;0,83;0,17;0;0,17;0,83;"Operativos Regulares frecuentes"
"Azuay - Cuenca - El Vecino";4;52,25;0,5;0,5;0,5;0,25;0,25;"Operativos Regulares frecuentes"
"Azuay - Cuenca - Huaynacapac";91;42,58;0,75;0,25;0,29;0,43;0,27;"Operativos de Transito SemiConstantes"
"Azuay - Cuenca - Machangara";6;32,5;0,83;0,17;0,67;0;0,33;"Operativos Regulares frecuentes"
"Azuay - Cuenca - Monay";31;41,06;0,74;0,26;0,32;0,32;0,35;"Operativos de Transito SemiConstantes"
"Azuay - Cuenca - San Blas";3;22;1;0;0,67;0,33;0;"Operativos Regulares frecuentes"
"Azuay - Cuenca - San Sebastian";12;39,08;0,83;0,17;0,58;0,42;0;"Operativos Regulares frecuentes"
"Azuay - Cuenca - Sucre";11;45,09;0,73;0,27;0,36;0,64;0;"Operativos Regulares frecuentes"
"Azuay - Cuenca - Totoracocha";2;29;0,5;0,5;0;0;1;"Operativos Regulares frecuentes"
"Azuay - Cuenca - Yanuncay";3;46,33;0,67;0,33;0;0,67;0,33;"Operativos Regulares frecuentes"
"Azuay - Cuenca - Hermano Miguel";3;57,67;0,67;0,33;0,33;0;0,67;"Operativos Regulares frecuentes"
"Azuay - Cuenca - Cuenca";9;35,33;0,78;0,22;0,56;0,44;0;"Operativos Regulares frecuentes"
"Azuay - Cuenca - Banos";9;45,56;0,89;0,11;0,22;0,44;0,33;"Operativos Regulares frecuentes"
"Azuay - Cuenca - Cumbe";10;39,7;0,8;0,2;0,3;0,1;0,6;"Operativos Regulares frecuentes"
"Azuay - Cuenca - Chaucha";2;36,5;0,5;0,5;1;0;0;"Operativos Regulares frecuentes"
"Azuay - Cuenca - Chiquintad";2;50;1;0;1;0;0;"Operativos Regulares frecuentes"
"Azuay - Cuenca - Llacao";3;40,33;0,67;0,33;0,67;0;0,33;"Operativos Regulares frecuentes"
"Azuay - Cuenca - Molleturo";19;30,95;0,68;0,32;0,21;0,58;0,21;"Operativos Regulares frecuentes"
"Azuay - Cuenca - Nulti";3;59,67;0,67;0,33;0,67;0,33;0;"Operativos Regulares frecuentes"
"Azuay - Cuenca - Paccha";2;20;1;0;0;0,5;0,5;"Operativos Regulares frecuentes"
"Azuay - Cuenca - Quingeo";2;31;1;0;0,5;0,5;0;"Operativos Regulares frecuentes"
"Azuay - Cuenca - Ricaurte";1;19;1;0;0;0;1;"Operativos Regulares frecuentes"
"Azuay - Cuenca - San Joaquin";5;41;1;0;0,4;0;0,6;"Operativos Regulares frecuentes"
"Azuay - Cuenca - Santa Ana";2;40;1;0;0;1;0;"Operativos Regulares frecuentes"
"Azuay - Cuenca - Sayausi";4;25,75;0,75;0,25;0,25;0,25;0,5;"Operativos Regulares frecuentes"
"Azuay - Cuenca - Sinincay";4;45,5;0,75;0,25;0,75;0,25;0;"Operativos Regulares frecuentes"
"Azuay - Cuenca - Tarqui";9;42,67;0,56;0,44;0,11;0,56;0,33;"Operativos Regulares frecuentes"
"Azuay - Cuenca - Turi";5;43,7;0,8;0,2;0,6;0,2;0,2;"Operativos Regulares frecuentes"
"Azuay - Cuenca - Valle";7;37,29;0,71;0,29;0,29;0,29;0,29;"Operativos Regulares frecuentes"
"Azuay - Cuenca - Victoria Del Portete";5;41,8;1;0;0,2;0,4;0,4;"Operativos Regulares frecuentes"
"Azuay - Giron - Giron";13;33,62;0,69;0,31;0,62;0,08;0,31;"Operativos Regulares frecuentes"
"Azuay - Gualaceo - Gualaceo";24;43,08;0,71;0,29;0,33;0,29;0,38;"Operativos Regulares frecuentes"
"Azuay - Gualaceo - Jadan";2;43,5;1;0;0;1;0;"Operativos Regulares frecuentes"
"Azuay - Gualaceo - San Juan";1;32;0;1;0;1;0;"Operativos Regulares frecuentes"
"Azuay - Gualaceo - Zhidmad";2;13,5;1;0;0;0;1;"Operativos Regulares frecuentes"
"Azuay - Gualaceo - Luis Cordero Vega";1;43;0;1;1;0;0;"Operativos Regulares frecuentes"
"Azuay - Nabon - Nabon";17;39,18;0,65;0,35;0,24;0,71;0,06;"Operativos Regulares frecuentes"
"Azuay - Nabon - Cochapata";2;21,5;0,5;0,5;0,5;0;0,5;"Operativos Regulares frecuentes"
"Azuay - Nabon - Nieves(Chaya)";1;62;0;1;1;0;0;"Operativos Regulares frecuentes"
"Azuay - Paute - Paute";8;43,38;1;0;0,38;0,62;0;"Operativos Regulares frecuentes"
"Azuay - Paute - El Cabo";3;44,33;1;0;0,33;0,67;0;"Operativos Regulares frecuentes"
"Azuay - Paute - Guarainag";1;63;1;0;0;1;0;"Operativos Regulares frecuentes"
"Azuay - Paute - San Cristobal (Carlos Ordonez Lazo)";4;22;1;0;0;0,75;0,25;"Operativos Regulares frecuentes"
"Azuay - Paute - Tomebamba";2;54;1;0;0;1;0;"Operativos Regulares frecuentes"
"Azuay - Pucara - Pucara Cabecera Cantonal";4;31,75;0,75;0,25;0,75;0;0,25;"Operativos Regulares frecuentes"
"Azuay - Pucara - San Rafael De Sharug";3;24,33;0,67;0,33;0,33;0,67;0;"Operativos Regulares frecuentes"
"Azuay - San Fernando - San Fernando Cabecera Cantonal";1;71;1;0;0;0;1;"Operativos Regulares frecuentes"
"Azuay - Santa Isabel - Santa Isabel (Chaguarurco)";16;31;0,81;0,19;0,44;0,25;0,31;"Operativos Regulares frecuentes"
"Azuay - Santa Isabel - Abdon Calderon (La Union)";4;36,75;1;0;0,25;0,25;0,5;"Operativos Regulares frecuentes"
"Azuay - Santa Isabel - Zhaglli(Shaglli)";1;36;1;0;0;0;1;"Operativos Regulares frecuentes"
"Azuay - Sigsig - Sigsig";3;61,33;0,67;0,33;0,33;0,33;0,33;"Operativos Regulares frecuentes"
"Azuay - Sigsig - Cuchil(Cutchil)";2;57,5;0,5;0,5;0,5;0;0,5;"Operativos Regulares frecuentes"
"Azuay - Sigsig - Gima";1;51;1;0;0;0;1;"Operativos Regulares frecuentes"
"Azuay - Sigsig - Ludo";2;2;1;0;0,5;0;0,5;"Operativos Regulares frecuentes"
"Azuay - Ona - San Felipe de Ona Cabecera Cantonal";1;26;1;0;1;0;0;"Operativos Regulares frecuentes"
"Azuay - Ona - Susudel";3;40;0,33;0,67;1;0;0;"Operativos Regulares frecuentes"
"Azuay - Chordeleg - Chordeleg";2;32;1;0;0;0;0,5;"Operativos Regulares frecuentes"
"Azuay - El Pan - El Pan Cabecera Cantonal";1;69;1;0;1;0;0;"Operativos Regulares frecuentes"
"Azuay - Guachapala - Guachapala Cabecera Cantonal";1;45;1;0;0;0;1;"Operativos Regulares frecuentes"
"Azuay - Camilo Ponce Enriquez - Camilo Ponce Enriquez";11;30,82;0,91;0,09;0,36;0,27;0,36;"Operativos Regulares frecuentes"
"Bolivar - Guaranda - Angel Polibio Chavez";3;34,33;0,67;0,33;0,67;0,33;0;"Operativos Regulares frecuentes"
"Bolivar - Guaranda - Gabriel Ignacio Veintimilla";10;47,9;0,8;0,2;0,4;0,4;0,2;"Operativos Regulares frecuentes"
"Bolivar - Guaranda - Guanujo";17;35,24;0,76;0,24;0,35;0;0,65;"Operativos Regulares frecuentes"
"Bolivar - Guaranda - Guaranda";5;30,2;0,4;0,6;0,2;0,6;0,2;"Operativos Regulares frecuentes"
"Bolivar - Guaranda - Facundo Vela";1;50;1;0;0;0;1;"Operativos Regulares frecuentes"
"Bolivar - Guaranda - Guanujo";10;29,5;0,7;0,3;0;1;0;"Operativos Regulares frecuentes"
"Bolivar - Guaranda - Julio E. Moreno (Catanahuan Grande)";1;50;1;0;0;1;0;"Operativos Regulares frecuentes"
"Bolivar - Guaranda - Salinas";4;58,25;0,75;0,25;0,75;0,25;0;"Operativos Regulares frecuentes"
"Bolivar - Guaranda - Santafe (Santa Fe)";2;38;0,5;0,5;0;1;0;"Operativos Regulares frecuentes"
"Bolivar - Guaranda - Simiatug";2;57,5;0;1;1;0;0;"Operativos Regulares frecuentes"
"Bolivar - Guaranda - San Luis De Pambil";1;92;1;0;0;1;0;"Operativos Regulares frecuentes"
"Bolivar - Chillanes - Chillanes";11;38,55;0,55;0,45;0,45;0,27;0,27;"Operativos Regulares frecuentes"
"Bolivar - Chillanes - San Jose del Tambo(Tambopamba) ";2;60;1;0;1;0;0;"Operativos Regulares frecuentes"
"Bolivar - Chimbo - San Jose De Chimbo";3;36,67;1;0;0;0,67;0,33;"Operativos Regulares frecuentes"
"Bolivar - Chimbo - La Magdalena(Chapacoto)";2;14;1;0;0,5;0;0,5;"Operativos Regulares frecuentes"
"Bolivar - Chimbo - San Sebastian";1;16;1;0;0;0;1;"Operativos Regulares frecuentes"
"Bolivar - Chimbo - Telimbela";1;13;1;0;0;0;1;"Operativos Regulares frecuentes"
"Bolivar - Echeandia - Echeandia";17;39,76;0,76;0,24;0,24;0,35;0,41;"Operativos Regulares frecuentes"
"Bolivar - San Miguel - San Miguel";7;39,29;0,57;0,43;0;0,57;0,43;"Operativos Regulares frecuentes"
"Bolivar - San Miguel - Balsapamba";9;45,22;0,56;0,44;0,56;0,22;0,22;"Operativos Regulares frecuentes"
"Bolivar - San Miguel - Bilovan";1;15;1;0;1;0;0;"Operativos Regulares frecuentes"
"Bolivar - Caluma - Caluma";7;25,71;1;0;0,29;0,29;0,43;"Operativos Regulares frecuentes"
"Bolivar - Las Naves - Las Mercedes";2;29,5;1;0;0;0,5;0,5;"Operativos Regulares frecuentes"
"Bolivar - Las Naves - Las Naves";5;28,6;1;0;0,2;0,4;0,4;"Operativos Regulares frecuentes"
"Canar - Azogues - Aurelio Bayas Martinez";1;20;1;0;0;1;0;"Operativos Regulares frecuentes"
"Canar - Azogues - Azogues";8;36,12;0,62;0,38;0,75;0;0,25;"Operativos Regulares frecuentes"
"Canar - Azogues - Borrero";3;58,67;1;0;0,67;0,33;0;"Operativos Regulares frecuentes"
"Canar - Azogues - Azogues";19;47,21;0,63;0,37;0,37;0,32;0,32;"Operativos Regulares frecuentes"
"Canar - Azogues - Cojitambo";3;30;0,33;0,67;0;0,67;0,33;"Operativos Regulares frecuentes"
"Canar - Azogues - Guapan";2;75;1;0;0;0;1;"Operativos Regulares frecuentes"
"Canar - Azogues - Javier Loyola (Chuquipata)";9;22,89;0,78;0,22;0,33;0,44;0,22;"Operativos Regulares frecuentes"
"Canar - Azogues - Luis Cordero";1;17;1;0;0;1;0;"Operativos Regulares frecuentes"
"Canar - Biblian - Biblian";15;43,8;0,8;0,2;0,2;0,53;0,27;"Operativos Regulares frecuentes"
"Canar - Biblian - Nazon (Cab. En Pampa De Dominguez)";2;28,5;1;0;0;0,5;0,5;"Operativos Regulares frecuentes"
"Canar - Biblian - San Francisco de Sageo";2;15;0,5;0,5;0;0;1;"Operativos Regulares frecuentes"
"Canar - Canar - Canar";15;45,27;0,53;0,47;0,67;0,13;0,13;"Operativos Regulares frecuentes"
"Canar - Canar - Chorocopte";1;49;1;0;0;0;1;"Operativos Regulares frecuentes"
"Canar - Canar - Honorato Vasquez (Tambo Viejo)";7;29,71;0,14;0,86;0;0,86;0,14;"Operativos Regulares frecuentes"
"Canar - Canar - Ingapirca";6;43,33;0,67;0,33;0,33;0,5;0,17;"Operativos Regulares frecuentes"
"Canar - Canar - Juncal";6;31,67;0,83;0,17;0,17;0;0,83;"Operativos Regulares frecuentes"
"Canar - Canar - San Antonio";2;41;1;0;0;1;0;"Operativos Regulares frecuentes"
"Canar - Canar - Zhud";3;61,33;0,67;0,33;0,67;0,33;0;"Operativos Regulares frecuentes"
"Canar - Canar - Ventura";1;4;1;0;0;1;0;"Operativos Regulares frecuentes"
"Canar - Canar - Ducur";5;36,4;0,8;0,2;0,4;0;0,6;"Operativos Regulares frecuentes"
"Canar - La Troncal - La Troncal";47;37,3;0,85;0,15;0,3;0,36;0,32;"Operativos de Transito SemiConstantes"
"Canar - La Troncal - Manuel J. Calle";5;35,8;1;0;0,6;0,2;0,2;"Operativos Regulares frecuentes"
"Canar - La Troncal - Pancho Negro";5;34;1;0;0,6;0,4;0;"Operativos Regulares frecuentes"
"Canar - El Tambo - El Tambo";13;51,62;0,62;0,38;0,23;0,54;0,23;"Operativos Regulares frecuentes"
"Canar - El Deleg - Solano";1;18;0;1;1;0;0;"Operativos Regulares frecuentes"
"Canar - Suscal - Suscal";7;24,14;0,43;0,57;0;1;0;"Operativos Regulares frecuentes"
"Carchi - Tulcan - Gonzalez Suarez";10;34,8;0,9;0,1;0,5;0,1;0,4;"Operativos Regulares frecuentes"
"Canar - Tulcan - Tulcan";7;61,57;0,86;0,14;0,43;0;0,57;"Operativos Regulares frecuentes"
"Carchi - Tulcan - Tulcan";9;27;0,56;0,44;0,11;0,78;0,11;"Operativos Regulares frecuentes"
"Carchi - Tulcan - El Carmelo (El Pun)";1;49;1;0;0;1;0;"Operativos Regulares frecuentes"
"Carchi - Tulcan - Julio Andrade (Orejuela)";6;47,83;0,83;0,17;0,5;0,33;0,17;"Operativos Regulares frecuentes"
"Canar - Tulcan - Maldonado";2;21,5;1;0;0;0;1;"Operativos Regulares frecuentes"
"Canar - Tulcan - Tufino";1;46;1;0;0;0;1;"Operativos Regulares frecuentes"
"Canar - Tulcan - El Chical";1;21;1;0;1;0;0;"Operativos Regulares frecuentes"
"Carchi - Bolivar - Bolivar";18;43,64;0,67;0,33;0,11;0,17;0,72;"Operativos Regulares frecuentes"
"Carchi - Bolivar - Garcia Moreno";1;17;1;0;1;0;0;"Operativos Regulares frecuentes"
"Carchi - Bolivar - Los Andes";2;37,5;1;0;0,5;0,5;0;"Operativos Regulares frecuentes"
"Carchi - Bolivar - Monte Olivo";2;62,5;0,5;0,5;0;0,5;0,5;"Operativos Regulares frecuentes"
"Carchi - Bolivar - San Rafael";1;68;1;0;0;1;0;"Operativos Regulares frecuentes"
"Carchi - Espejo - El Angel";2;21;1;0;0,5;0,5;0;"Operativos Regulares frecuentes"
"Carchi - Espejo - La Libertad(Alizo)";1;35;1;0;1;0;0;"Operativos Regulares frecuentes"
"Carchi - Espejo - San Isidro";2;58,5;0,5;0,5;0,5;0,5;0;"Operativos Regulares frecuentes"
"Carchi - Mira - Mira (Chontahuasi)";5;48,6;0,8;0,2;0,4;0,2;0,4;"Operativos Regulares frecuentes"
"Carchi - Mira - Jijon y Caamano(Cab. En Rio Blanco)";1;61;1;0;0;0;1;"Operativos Regulares frecuentes"
"Carchi - Mira - Juan Montalvo(San Ignacio de Quil)";2;43,5;1;0;0;0;1;"Operativos Regulares frecuentes"
"Carchi - Montufar - Gonzalez Suarez";5;51,4;0,8;0,2;0,6;0;0,2;"Operativos Regulares frecuentes"
"Carchi - Montufar - San Jose";4;24,5;0,75;0,25;0;0,75;0,25;"Operativos Regulares frecuentes"
"Carchi - Montufar - San Gabriel";6;56,67;0,5;0,5;0,5;0,17;0,33;"Operativos Regulares frecuentes"
"Carchi - Montufar - Cristobal Colon";1;50;1;0;0;0;1;"Operativos Regulares frecuentes"
"Carchi - Montufar - La Paz";2;38,5;0,5;0,5;0;0,5;0,5;"Operativos Regulares frecuentes"
"Carchi - San Pedro De Huaca - Huaca";5;33,8;1;0;0,2;0,4;0,4;"Operativos Regulares frecuentes"
"Carchi - San Pedro de Huaca - Mariscal Sucre";2;33,5;1;0;0,5;0;0,5;"Operativos Regulares frecuentes"
"Cotopaxi - Latacunga - Eloy Alfaro (San Felipe)";31;41,65;0,71;0,29;0,52;0,16;0,32;"Operativos de Transito SemiConstantes"
"Cotopaxi - Latacunga - Ignacio Flores (Parque Flores)";15;47,53;0,87;0,13;0,27;0,2;0,53;"Operativos Regulares frecuentes"
"Cotopaxi - Latacunga - Juan Montalvo (San Sebastian)";2;31;1;0;0;1;0;"Operativos Regulares frecuentes"
"Cotopaxi - Latacunga - La Matriz";41;47,39;0,71;0,29;0,24;0,41;0,34;"Operativos de Transito SemiConstantes"
"Cotopaxi - Latacunga - San Buenaventura";2;57,5;1;0;0;1;0;"Operativos Regulares frecuentes"
"Cotopaxi - Latacunga - Latacunga Cabecera Cantonal";4;53,5;0,75;0,25;0,75;0;0,25;"Operativos Regulares frecuentes"
"Cotopaxi - Latacunga - Alaques (Alaquez)";3;19,33;0,67;0,33;0,33;0,33;0,33;"Operativos Regulares frecuentes"
"Cotopaxi - Latacunga - Belisario Quevedo(Guanailin)";5;34;0,8;0,2;0,2;0;0,8;"Operativos Regulares frecuentes"
"Cotopaxi - Latacunga - Guaitacama (Guaytacama)";13;38,69;0,62;0,38;0,46;0,08;0,46;"Operativos Regulares frecuentes"
"Cotopaxi - Latacunga - Mulalo";5;40,2;0,6;0,4;0;0,2;0,8;"Operativos Regulares frecuentes"
"Cotopaxi - Latacunga - 11 De Noviembre (Ilinchisi)";3;44,67;0,33;0,67;0;1;0;"Operativos Regulares frecuentes"
"Cotopaxi - Latacunga - Poalo";1;58;1;0;0;1;0;"Operativos Regulares frecuentes"
"Cotopaxi - Latacunga - San Juan De Pastocalle";24;32,75;0,92;0,08;0,29;0,46;0,25;"Operativos Regulares frecuentes"
"Cotopaxi - Latacunga - Tanicuchi";23;32,04;0,7;0,3;0,26;0,3;0,43;"Operativos Regulares frecuentes"
"Cotopaxi - Latacunga - Toacaso";3;36,33;0,67;0,33;0;0,67;0,33;"Operativos Regulares frecuentes"
"Cotopaxi - La Mana - El Carmen";3;52,67;1;0;0;0;1;"Operativos Regulares frecuentes"
"Cotopaxi - La Mana - La Mana";13;49,54;0,92;0,08;0,54;0;0,46;"Operativos Regulares frecuentes"
"Cotopaxi - La Mana - El Triunfo";1;62;1;0;0;0;1;"Operativos Regulares frecuentes"
"Cotopaxi - La Mana - La Mana";15;36,93;0,73;0,27;0,13;0,8;0,07;"Operativos Regulares frecuentes"
"Cotopaxi - La Mana - Guasaganda (Cab. En Guasaganda Centro)";1;22;1;0;0;1;0;"Operativos Regulares frecuentes"
"Cotopaxi - Pangua - El Corazon Cabecera Cantonal";1;7;1;0;1;0;0;"Operativos Regulares frecuentes"
"Cotopaxi - Pangua - Moraspungo";7;29,57;1;0;0,43;0;0,57;"Operativos Regulares frecuentes"
"Cotopaxi - Pangua - Ramon Campana";1;1;0;1;1;0;0;"Operativos Regulares frecuentes"
"Cotopaxi - Pujili - Pujili";13;42,54;0,62;0,38;0,23;0,38;0,38;"Operativos Regulares frecuentes"
"Cotopaxi - Pujili - Angamarca";4;42;0,75;0,25;0,5;0;0,5;"Operativos Regulares frecuentes"
"Cotopaxi - Pujili - Guancaje";6;43,83;1;0;0,33;0,17;0,5;"Operativos Regulares frecuentes"
"Cotopaxi - Pujili - Tingo";9;37,89;0,56;0,44;0,44;0,22;0,33;"Operativos Regulares frecuentes"
"Cotopaxi - Pujili - Tingo";6;49,17;0,67;0,33;0,33;0;0,67;"Operativos Regulares frecuentes"
"Cotopaxi - Pujili - Zumbahua";9;39,78;0,44;0,56;0,22;0,44;0,33;"Operativos Regulares frecuentes"
"Cotopaxi - Salcedo - San Miguel";21;40,1;0,86;0,14;0,38;0,29;0,33;"Operativos Regulares frecuentes"
"Cotopaxi - Salcedo - Antonio Jose Holguin (Santa Lucia)";6;35,83;1;0;0;0,5;0,5;"Operativos Regulares frecuentes"
"Cotopaxi - Salcedo - Cusubamba";2;46;0,5;0,5;0;0,5;0,5;"Operativos Regulares frecuentes"
"Cotopaxi - Salcedo - Mulalillo";4;58;1;0;0;0,5;0,5;"Operativos Regulares frecuentes"
"Cotopaxi - Salcedo - Pansaleo";3;23;1;0;0,33;0;0,67;"Operativos Regulares frecuentes"
"Cotopaxi - Saquisili - Saquisili";8;41,5;0,75;0,25;0,25;0,62;0,12;"Operativos Regulares frecuentes"
"Cotopaxi - Saquisili - Canchagua";2;35;1;0;0;0,5;0,5;"Operativos Regulares frecuentes"
"Cotopaxi - Saquisili - Cochapamba";1;1;1;0;1;0;0;"Operativos Regulares frecuentes"
"Cotopaxi - Sigchos - Sigchos";5;53,8;0,8;0,2;0,2;0,2;0,6;"Operativos Regulares frecuentes"
"Cotopaxi - Sigchos - Chugchillan (Chugchilan)";5;25,2;0,6;0,4;0;0,4;0,6;"Operativos Regulares frecuentes"
"Cotopaxi - Sigchos - Isinlivi";1;75;0;1;0;0;1;"Operativos Regulares frecuentes"
"Chimborazo - Riobamba - Lizarzaburu";44;41,45;0,77;0,23;0,45;0,3;0,23;"Operativos de Transito SemiConstantes"
"Chimborazo - Riobamba - Maldonado";9;39,78;0,89;0,11;0,11;0,33;0,56;"Operativos Regulares frecuentes"
"Chimborazo - Riobamba - Velasco";10;38,3;0,9;0,1;0,4;0,3;0,3;"Operativos Regulares frecuentes"
"Chimborazo - Riobamba - Veloz";53;43,23;0,72;0,28;0,42;0,26;0,32;"Operativos de Transito SemiConstantes"
"Chimborazo - Riobamba - Yaruquies";1;28;1;0;0;0;1;"Operativos Regulares frecuentes"
"Chimborazo - Riobamba - Riobamba";1;23;0;1;0;1;0;"Operativos Regulares frecuentes"
"Chimborazo - Riobamba - Calpi";10;41,4;0,6;0,4;0,5;0,4;0,1;"Operativos Regulares frecuentes"
"Chimborazo - Riobamba - Cubijies";2;32;1;0;0;0;1;"Operativos Regulares frecuentes"
"Chimborazo - Riobamba - Flores";2;30;0,5;0,5;0;0,5;0,5;"Operativos Regulares frecuentes"
"Chimborazo - Riobamba - Lican";8;31;0,88;0,12;0,75;0,25;0;"Operativos Regulares frecuentes"
"Chimborazo - Riobamba - Licto";4;20,5;0,5;0,5;0,25;0,5;0,25;"Operativos Regulares frecuentes"
"Chimborazo - Riobamba - Punin";1;84;1;0;0;1;0;"Operativos Regulares frecuentes"
"Chimborazo - Riobamba - Quimiag";3;50;0,67;0,33;0;1;0;"Operativos Regulares frecuentes"
"Chimborazo - Riobamba - San Juan";1;23;1;0;0;1;0;"Operativos Regulares frecuentes"
"Chimborazo - Riobamba - San Luis";8;43,25;0,75;0,25;0,12;0,38;0,5;"Operativos Regulares frecuentes"
"Chimborazo - Alausi - Alausi";13;50,46;0,62;0,38;0,54;0,08;0,38;"Operativos Regulares frecuentes"
"Chimborazo - Alausi - Achupallas";8;37,12;0,62;0,38;0;0,38;0,62;"Operativos Regulares frecuentes"
"Chimborazo - Alausi - Guasuntos";5;69,2;0,2;0,8;0;0,2;0,8;"Operativos Regulares frecuentes"
"Chimborazo - Alausi - Huigra";1;19;1;0;1;0;0;"Operativos Regulares frecuentes"
"Chimborazo - Alausi - Multitud";1;38;1;0;0;0;1;"Operativos Regulares frecuentes"
"Chimborazo - Alausi - Pistishi(Nariz del Diablo)";1;3;1;0;1;0;0;"Operativos Regulares frecuentes"
"Chimborazo - Alausi - Tixan";5;38;0,8;0,2;0,2;0,6;0,2;"Operativos Regulares frecuentes"
"Chimborazo - Colta - Cajabamba";11;30,45;0,82;0,18;0,36;0;0,64;"Operativos Regulares frecuentes"
"Chimborazo - Colta - Sicalpa";7;42,86;0,57;0,43;0,29;0;0,71;"Operativos Regulares frecuentes"
"Chimborazo - Colta - Villa la Union(Cajabamba) Cabecera Cantonal";1;1;1;0;0;0;1;"Operativos Regulares frecuentes"
"Chimborazo - Colta - Columbe";29;35,07;0,55;0,45;0,59;0,34;0,07;"Operativos de Transito SemiConstantes"
"Chimborazo - Colta - Juan de Velasco(Pangor)";4;29,25;0,75;0,25;0,75;0;0,25;"Operativos Regulares frecuentes"
"Chimborazo - Colta - Santiago de Quito(Cab. En San Antonio de Quito)";1;2;0;1;0;0;1;"Operativos Regulares frecuentes"
"Chimborazo - Chambo - Chambo";4;23,25;0,75;0,25;0,25;0,5;0,25;"Operativos Regulares frecuentes"
"Chimborazo - Chunchi - Chunchi Cabecera Cantonal";4;37,5;1;0;0,25;0;0,75;"Operativos Regulares frecuentes"
"Chimborazo - Chunchi - Capzol";1;69;0;1;0;0;1;"Operativos Regulares frecuentes"
"Chimborazo - Chunchi - Compud";1;31;1;0;0;0;1;"Operativos Regulares frecuentes"
"Chimborazo - Chunchi - Gonzol";1;63;1;0;0;0;1;"Operativos Regulares frecuentes"
"Chimborazo - Chunchi - Llagos";2;36;1;0;0,5;0;0,5;"Operativos Regulares frecuentes"
"Chimborazo - Guamote - Guamote";11;35,82;0,73;0,27;0,09;0,18;0,64;"Operativos Regulares frecuentes"
"Chimborazo - Guamote - Cebadas";9;27,89;0,89;0,11;0;0,67;0,33;"Operativos Regulares frecuentes"
"Chimborazo - Guamote - Palmira";9;32,78;0,78;0,22;0,78;0;0,22;"Operativos Regulares frecuentes"
"Chimborazo - Guano - El Rosario";3;40,67;1;0;0;0,33;0,67;"Operativos Regulares frecuentes"
"Chimborazo - Guano - La Matriz";4;51,5;1;0;0,25;0;0,75;"Operativos Regulares frecuentes"
"Chimborazo - Guano - Guano";8;40,12;0,88;0,12;0;0,12;0,88;"Operativos Regulares frecuentes"
"Chimborazo - Guano - Ilapo";2;48,5;1;0;0,5;0;0,5;"Operativos Regulares frecuentes"
"Chimborazo - Guano - La Providencia";1;29;1;0;0;0;1;"Operativos Regulares frecuentes"
"Chimborazo - Guano - San Andres";24;40,42;0,83;0,17;0,17;0,46;0,38;"Operativos Regulares frecuentes"
"Chimborazo - Guano - San Gerardo de Pacaicaguan";3;74;0,67;0,33;0,33;0;0,67;"Operativos Regulares frecuentes"
"Chimborazo - Guano - San Isidro De Patulu";2;54;0,5;0,5;0,5;0,5;0;"Operativos Regulares frecuentes"
"Chimborazo - Pallatanga - Pallatanga";22;41,64;0,68;0,32;0,23;0,32;0,45;"Operativos Regulares frecuentes"
"Chimborazo - Penipe - Penipe";3;43,67;1;0;0,33;0,33;0,33;"Operativos Regulares frecuentes"
"Chimborazo - Penipe - San Antonio de Bayushig";1;64;1;0;0;0;1;"Operativos Regulares frecuentes"
"Chimborazo - Penipe - La Candelaria";3;39,67;1;0;0,67;0;0,33;"Operativos Regulares frecuentes"
"Chimborazo - Cumanda - Cumanda";6;37,67;1;0;0,33;0,17;0,5;"Operativos Regulares frecuentes"
"El Oro - Machala - La Providencia";36;35,89;0,86;0,14;0,5;0,28;0,22;"Operativos de Transito SemiConstantes"
"El Oro - Machala - Machala";138;38,83;0,83;0,17;0,25;0,41;0,32;"Operativos de Transito SemiConstantes"
"El Oro - Machala - Puerto Bolivar";5;42,6;1;0;1;0;0;"Operativos Regulares frecuentes"
"El Oro - Machala - Nueve De Mayo";8;34,12;1;0;0,62;0,25;0,12;"Operativos Regulares frecuentes"
"El Oro - Machala - El cambio";5;37,2;1;0;1;0;0;"Operativos Regulares frecuentes"
"El Oro - Machala - Machala Cabezera Cantonal y Provincial";19;38,53;0,95;0,05;0,21;0;0,79;"Operativos Regulares frecuentes"
"El Oro - Machala - El Cambio";1;35;1;0;1;0;0;"Operativos Regulares frecuentes"
"El Oro - Machala - El Retiro";5;39;0,8;0,2;0,6;0,4;0;"Operativos Regulares frecuentes"
"El Oro - Arenillas - Arenillas";22;42,64;0,73;0,27;0,36;0,32;0,32;"Operativos Regulares frecuentes"
"El Oro - Arenillas - Chacras";1;27;1;0;1;0;0;"Operativos Regulares frecuentes"
"El Oro - Arenillas - Palmales";3;32,33;0,67;0,33;0,33;0,33;0,33;"Operativos Regulares frecuentes"
"El Oro - Arenillas - Carcabon";1;64;1;0;0;1;0;"Operativos Regulares frecuentes"
"El Oro - Atahualpa - Paccha";2;27;1;0;0;1;0;"Operativos Regulares frecuentes"
"El Oro - Balsas - Balsas";19;42,79;0,89;0,11;0,16;0,58;0,26;"Operativos Regulares frecuentes"
"El Oro - Chilla - Chilla Cabezera Cantonal";2;23,5;0,5;0,5;1;0;0;"Operativos Regulares frecuentes"
"El Oro - El Guabo - El Guabo";47;35,15;0,89;0,11;0,28;0,34;0,38;"Operativos de Transito SemiConstantes"
"El Oro - El Guabo - Barbones (Sucre)";8;22,75;0,88;0,12;0,38;0,25;0,38;"Operativos Regulares frecuentes"
"El Oro - El Guabo - La Ibera";2;44,5;1;0;0,5;0;0,5;"Operativos Regulares frecuentes"
"El Oro - El Guabo - Rio Bonito";6;24,83;0,83;0,17;0,17;0,33;0,5;"Operativos Regulares frecuentes"
"El Oro - Huaquillas - Hualtaco";1;56;0;1;0;1;0;"Operativos Regulares frecuentes"
"El Oro - Huaquillas - Union Lojana";3;66;0,67;0,33;0;0;1;"Operativos Regulares frecuentes"
"El Oro - Huaquillas - Huaquillas";17;44,12;0,59;0,41;0,24;0,41;0,35;"Operativos Regulares frecuentes"
"El Oro - Marcabeli - Marcabeli";2;25,5;0,5;0,5;0;0,5;0,5;"Operativos Regulares frecuentes"
"El Oro - Pasaje - Loma De Franco";1;28;1;0;0;1;0;"Operativos Regulares frecuentes"
"El Oro - Pasaje - Ochoa Leon (Matriz)";2;71,5;0,5;0,5;1;0;0;"Operativos Regulares frecuentes"
"El Oro - Pasaje - Tres Cerritos";2;46,5;1;0;1;0;0;"Operativos Regulares frecuentes"
"El Oro - Pasaje - Pasaje";34;48,06;0,88;0,12;0,41;0,32;0,24;"Operativos de Transito SemiConstantes"
"El Oro - Pasaje - Buenavista";6;22,33;1;0;0,5;0,17;0,33;"Operativos Regulares frecuentes"
"El Oro - Pasaje - La Peana";2;30;0,5;0,5;0,5;0;0,5;"Operativos Regulares frecuentes"
"El Oro - Pasaje - Uzhcurrumi";1;39;1;0;0;1;0;"Operativos Regulares frecuentes"
"El Oro - Pinas - La Matriz";1;52;1;0;0;0;1;"Operativos Regulares frecuentes"
"El Oro - Pinas - La Susaya";1;65;1;0;0;1;0;"Operativos Regulares frecuentes"
"El Oro - Pinas - Pinas";13;42,15;0,92;0,08;0,08;0,54;0,38;"Operativos Regulares frecuentes"
"El Oro - Pinas - Saracay";6;35,17;0,67;0,33;0;0,33;0,67;"Operativos Regulares frecuentes"
"El Oro - Portovelo - Portovelo";4;42;1;0;0,25;0,5;0,25;"Operativos Regulares frecuentes"
"El Oro - Santa Rosa - Santa Rosa";2;30,5;1;0;0,5;0;0,5;"Operativos Regulares frecuentes"
"El Oro - Santa Rosa - Jumon (Satelite)";1;64;1;0;1;0;0;"Operativos Regulares frecuentes"
"El Oro - Santa Rosa - Nuevo Santa Rosa";1;25;1;0;0;1;0;"Operativos Regulares frecuentes"
"El Oro - Santa Rosa - Santa Rosa";27;33,59;0,74;0,26;0,41;0,3;0,3;"Operativos Regulares frecuentes"
"El Oro - Santa Rosa - La avanzada";1;36;1;0;1;0;0;"Operativos Regulares frecuentes"
"El Oro - Santa Rosa - Victoria";2;39,5;1;0;0,5;0;0,5;"Operativos Regulares frecuentes"
"El Oro - Santa Rosa - Bellamaria";1;24;0;1;0;0;1;"Operativos Regulares frecuentes"
"El Oro - Zaruma - Zaruma";3;40,33;1;0;0,67;0,33;0;"Operativos Regulares frecuentes"
"El Oro - Zaruma - Guanazan";1;32;1;0;0;0;0;"Operativos Regulares frecuentes"
"El Oro - Zaruma - Huertas";2;21;1;0;0;1;0;"Operativos Regulares frecuentes"
"El Oro - Las Lajas - La Victoria Cabezera Cantonal";1;24;1;0;0;0;1;"Operativos Regulares frecuentes"
"Esmeraldas - Esmeraldas - Bartolome Ruiz (Cesar Franco Carrion)";1;56;0;1;1;0;0;"Operativos Regulares frecuentes"
"Esmeraldas - Esmeraldas - 5 De Agosto";14;40,71;0,93;0,07;0,5;0,21;0,29;"Operativos Regulares frecuentes"
"Esmeraldas - Esmeraldas - Esmeralda";35;40,54;0,8;0,2;0,37;0;0,63;"Operativos de Transito SemiConstantes"
"Esmeraldas - Esmeraldas - Luis Tello (Las Palmas)";5;39,2;0,8;0,2;0;0,4;0,6;"Operativos Regulares frecuentes"
"Esmeraldas - Esmeraldas - Simon Plata Torres";10;23,2;0,6;0,4;0,5;0,2;0,3;"Operativos Regulares frecuentes"
"Esmeraldas - Esmeraldas - Esmeraldas";26;37,69;0,77;0,23;0,15;0,85;0;"Operativos Regulares frecuentes"
"Esmeraldas - Esmeraldas - Camarones (Cab. En San Vicente)";6;37,33;0,83;0,17;0;0,33;0,67;"Operativos Regulares frecuentes"
"Esmeraldas - Esmeraldas - Majua";1;27;1;0;1;0;0;"Operativos Regulares frecuentes"
"Esmeraldas - Esmeraldas - San Mateo";6;30;0,83;0,17;0,17;0,33;0,5;"Operativos Regulares frecuentes"
"Esmeraldas - Esmeraldas - Tachina";4;30,75;0,75;0,25;0,5;0,25;0,25;"Operativos Regulares frecuentes"
"Esmeraldas - Esmeraldas - Vuelta Larga";14;28,64;0,86;0,14;0,07;0,36;0,57;"Operativos Regulares frecuentes"
"Esmeraldas - Eloy Alfaro - Valdez (Limones)";2;26;1;0;0,5;0,5;0;"Operativos Regulares frecuentes"
"Esmeraldas - Eloy Alfaro - Borbon";2;29,5;1;0;0,5;0;0,5;"Operativos Regulares frecuentes"
"Esmeraldas - Eloy Alfaro - La Tola";2;17;1;0;0;0;1;"Operativos Regulares frecuentes"
"Esmeraldas - Eloy Alfaro - Luis Vargas Torres (Cab. En Playas de Oro)";2;39;0,5;0,5;1;0;0;"Operativos Regulares frecuentes"
"Esmeraldas - Eloy Alfaro - Maldonado";2;30;1;0;1;0;0;"Operativos Regulares frecuentes"
"Esmeraldas - Muisme - Muisme Cabecera Cantonal";2;19;1;0;0;0;1;"Operativos Regulares frecuentes"
"Esmeraldas - Muisme - Bolivar";2;45;1;0;1;0;0;"Operativos Regulares frecuentes"
"Esmeraldas - Muisme - San Francisco";1;66;0;1;0;0;1;"Operativos Regulares frecuentes"
"Esmeraldas - Muisme - San Gregorio";2;51,5;0,5;0,5;1;0;0;"Operativos Regulares frecuentes"
"Esmeraldas - Muisne - San Jose De Chamanga (Cab. En Cahamanga)";6;24,33;0,83;0,17;0,17;0,33;0,5;"Operativos Regulares frecuentes"
"Esmeraldas - Quininde - Rosa Zarate (Quininde)";43;29,95;0,81;0,19;0,33;0,4;0,26;"Operativos de Transito SemiConstantes"
"Esmeraldas - Quininde - Cube";2;39,5;1;0;1;0;0;"Operativos Regulares frecuentes"
"Esmeraldas - Quininde - Malimpia";1;24;1;0;0;1;0;"Operativos Regulares frecuentes"
"Esmeraldas - Quininde - Viche";10;39,8;0,8;0,2;0,1;0,9;0;"Operativos Regulares frecuentes"
"Esmeraldas - Quininde - La Union";29;35,97;0,76;0,24;0,34;0,31;0,24;"Operativos de Transito SemiConstantes"
"Esmeraldas - San Lorenzo - San Lorenzo";12;38,92;1;0;0,33;0,08;0,58;"Operativos Regulares frecuentes"
"Esmeraldas - San Lorenzo - Calderon";1;27;1;0;1;0;0;"Operativos Regulares frecuentes"
"Esmeraldas - San Lorenzo - Carondelet";1;75;1;0;0;0;1;"Operativos Regulares frecuentes"
"Esmeraldas - San Lorenzo - Tambillo";2;37,5;0,5;0,5;1;0;0;"Operativos Regulares frecuentes"
"Esmeraldas - Atacames - Atacames";8;39,88;1;0;0,62;0,25;0,12;"Operativos Regulares frecuentes"
"Esmeraldas - Atacames - La Union";1;8;1;0;1;0;0;"Operativos Regulares frecuentes"
"Esmeraldas - Atacames - Sua (Cab. En la Bocana)";1;45;1;0;0;0;1;"Operativos Regulares frecuentes"
"Esmeraldas - Atacames - Tonchigue";5;41,8;1;0;0,4;0,4;0,2;"Operativos Regulares frecuentes"
"Esmeraldas - Atacames - Tonsupa";6;49,83;0,83;0,17;0,17;0,67;0,17;"Operativos Regulares frecuentes"
"Esmeraldas - Rioverde - Rioverde";6;20,83;0,67;0,33;0,5;0,5;0;"Operativos Regulares frecuentes"
"Esmeraldas - Rioverde - Chontaduro";1;17;1;0;0;1;0;"Operativos Regulares frecuentes"
"Esmeraldas - Rioverde - Lagarto";2;20;1;0;0,5;0,5;0;"Operativos Regulares frecuentes"
"Esmeraldas - Rioverde - Montalvo (Cab En Horqueta)";4;48,25;1;0;0;0,25;0,75;"Operativos Regulares frecuentes"
"Esmeraldas - Rioverde - Rocafuerte";2;43;1;0;0;0,5;0,5;"Operativos Regulares frecuentes"
"Guayas - Guayaquil - Ayacucho";32;16,78;0,62;0,38;0,41;0,44;0,16;"Operativos de Transito SemiConstantes"
"Guayas - Guayaquil - Carbo (Concepcion)";82;41,33;0,91;0,09;0,32;0,2;0,48;"Operativos de Transito SemiConstantes"
"Guayas - Guayaquil - Febres Cordero";275;45,2;0,78;0,17;0,24;0,36;0,36;"Operativo de Transito Constante"
"Guayas - Guayaquil - Garcia Moreno";1;28;1;0;0;0;1;"Operativos Regulares frecuentes"
"Guayas - Guayaquil - Letamendi";7;32,86;1;0;0,29;0,43;0,29;"Operativos Regulares frecuentes"
"Guayas - Guayaquil - Olmedo (San Alejo)";2;44;1;0;0;0,5;0,5;"Operativos Regulares frecuentes"
"Guayas - Guayaquil - Rocafuerte";1;29;1;0;0;0;1;"Operativos Regulares frecuentes"
"Guayas - Guayaquil - Sucre";25;45,64;0,96;0,04;0,16;0,52;0,32;"Operativos Regulares frecuentes"
"Guayas - Guayaquil - Tarqui";429;41,1;0,83;0,17;0,34;0,34;0,31;"Operativo de Transito Constante"
"Guayas - Guayaquil - Urdaneta";2;50,5;1;0;0,5;0;0;"Operativos Regulares frecuentes"
"Guayas - Guayaquil - Ximena";255;44;0,83;0,17;0,27;0,44;0,29;"Operativo de Transito Constante"
"Guayas - Guayaquil - Pascuales";12;35,58;0,67;0,33;0,17;0;0,83;"Operativos Regulares frecuentes"
"Guayas - Guayaquil - Guayaquil";126;38,74;0,79;0,21;0,33;0,37;0,3;"Operativos de Transito SemiConstantes"
"Guayas - Guayaquil - Juan Gomez Rendon (Progreso)";4;36,5;1;0;0,25;0,75;0;"Operativos Regulares frecuentes"
"Guayas - Guayaquil - Morro";2;34;1;0;0,5;0,5;0;"Operativos Regulares frecuentes"
"Guayas - Guayaquil - Pascuales";6;46;0,67;0,33;0;1;0;"Operativos Regulares frecuentes"
"Guayas - Guayaquil - Posorja";4;29;1;0;0;0,5;0,5;"Operativos Regulares frecuentes"
"Guayas - Guayaquil - Puna";1;26;1;0;0;0;1;"Operativos Regulares frecuentes"
"Guayas - Guayaquil - Tenguel";6;40,67;0,83;0,17;0,67;0;0,33;"Operativos Regulares frecuentes"
"Guayas - Alfredo Baquerizo Moreno - Alfredo Baquerizo Moreno (Jujan)";31;32,29;0,77;0,23;0,23;0,42;0,35;"Operativos de Transito SemiConstantes"
"Guayas - Balao - Balao";39;32,23;0,95;0,05;0,28;0,33;0,36;"Operativos de Transito SemiConstantes"
"Guayas - Balzar - Balzar";48;34,21;0,92;0,08;0,35;0,33;0,31;"Operativos de Transito SemiConstantes"
"Guayas - Colimes - Colimes";12;31,42;0,83;0,17;0,08;0,67;0,17;"Operativos Regulares frecuentes"
"Guayas - Daule - Daule";49;39,16;0,86;0,14;0,24;0,37;0,39;"Operativos de Transito SemiConstantes"
"Guayas - Daule - La Aurora (Satelite)";11;35,36;0,82;0,18;0,45;0,45;0,09;"Operativos Regulares frecuentes"
"Guayas - Daule - Banife";3;46,33;1;0;0;0,33;0,67;"Operativos Regulares frecuentes"
"Guayas - Daule - Emiliano Caicedo Marcos";1;63;1;0;0;1;0;"Operativos Regulares frecuentes"
"Guayas - Daule - Magro";1;46;1;0;1;0;0;"Operativos Regulares frecuentes"
"Guayas - Daule - Padre Juan Bautista Aguirre";1;22;1;0;0;0;1;"Operativos Regulares frecuentes"
"Guayas - Daule - Daule Cabecera Cantonal";7;44,57;1;0;0,43;0;0,43;"Operativos Regulares frecuentes"
"Guayas - Daule - Juan Bautista Aguirre (Los Tintos)";8;43,75;1;0;0,12;0,62;0,25;"Operativos Regulares frecuentes"
"Guayas - Daule - Laurel";2;60;1;0;0,5;0;0,5;"Operativos Regulares frecuentes"
"Guayas - Daule - Limonal";10;40;0,8;0,2;0,2;0,3;0,5;"Operativos Regulares frecuentes"
"Guayas - Daule - Los Lojas (Enrique Baquerizo Moreno)";10;34,9;1;0;0,1;0,4;0,5;"Operativos Regulares frecuentes"
"Guayas - Duran - Eloy Alfaro (Duran)";44;35,61;0,82;0,18;0,27;0,45;0,27;"Operativos de Transito SemiConstantes"
"Guayas - Duran - El Recreo";5;28,4;0,8;0,2;0,2;0,2;0,6;"Operativos Regulares frecuentes"
"Guayas - Duran - Eloy Alfaro(Duran) Cabecera Cantonal";26;33,42;0,92;0,08;0,46;0;0,54;"Operativos Regulares frecuentes"
"Guayas - Empalme - Velasco Ibarra (Cab. El Empalme)";36;38,28;0,92;0,08;0,42;0,33;0,25;"Operativos de Transito SemiConstantes"
"Guayas - Empalme - Guayas (Pueblo Nuevo)";2;19;1;0;0;0,5;0,5;"Operativos Regulares frecuentes"
"Guayas - Empalme - El Rosario";2;20;1;0;0;0,5;0,5;"Operativos Regulares frecuentes"
"Guayas - El Triunfo - El Triunfo";71;41,48;0,82;0,18;0,27;0,35;0,38;"Operativos de Transito SemiConstantes"
"Guayas - Milagro - Milagro";84;40,12;0,92;0,08;0,26;0,32;0,4;"Operativos de Transito SemiConstantes"
"Guayas - Milagro - Mariscal Sucre (Huaques)";2;44,5;1;0;0,5;0;0,5;"Operativos Regulares frecuentes"
"Guayas - Milagro - Roberto Astudillo (Cab. En Sucre de Venecia)";5;31,6;0,6;0,4;0,8;0;0,2;"Operativos Regulares frecuentes"
"Guayas - Naranjal - Naranjal";50;42,6;0,9;0,1;0,32;0,34;0,28;"Operativos de Transito SemiConstantes"
"Guayas - Naranjal - Jesus Maria";14;30,79;0,79;0,21;0,14;0,5;0,36;"Operativos Regulares frecuentes"
"Guayas - Naranjal - San Carlos";11;41,09;0,64;0,36;0,09;0,64;0,27;"Operativos Regulares frecuentes"
"Guayas - Naranjal - Santa Rosa De Flandes";15;37,47;0,8;0,2;0,2;0,33;0,47;"Operativos Regulares frecuentes"
"Guayas - Naranjal - Taura";21;38,24;0,9;0,1;0,29;0,33;0,38;"Operativos Regulares frecuentes"
"Guayas - Naranjito - Naranjito";30;33,27;0,93;0,07;0,33;0,33;0,33;"Operativos de Transito SemiConstantes"
"Guayas - Palestina - Palestina";9;37,78;0,89;0,11;0,22;0,11;0,67;"Operativos Regulares frecuentes"
"Guayas - Pedro Carbo - Pedro Carbo";16;40;0,75;0,25;0,19;0,69;0,12;"Operativos Regulares frecuentes"
"Guayas - Pedro Carbo - Valle de la Virgen";3;22,33;1;0;0;0;1;"Operativos Regulares frecuentes"
"Guayas - Pedro Carbo - Sabanilla";8;28,5;1;0;0,38;0,25;0,38;"Operativos Regulares frecuentes"
"Guayas - Samborondon - Samborondon";3;21,33;0,33;0,67;0,33;0;0,67;"Operativos Regulares frecuentes"
"Guayas - Samborondon - La Puntilla (Satelite)";11;36,73;0,91;0,09;0,18;0,27;0,55;"Operativos Regulares frecuentes"
"Guayas - Samborondon - Samborondon Cabecera Cantonal";1;76;1;0;0;0;1;"Operativos Regulares frecuentes"
"Guayas - Samborondon - Tarifa";16;38,5;0,81;0,19;0,38;0,31;0,31;"Operativos Regulares frecuentes"
"Guayas - Santa Lucia - Santa Lucia";28;36,43;0,89;0,11;0,29;0,32;0,39;"Operativos de Transito SemiConstantes"
"Guayas - Salitre - El Salitre (Las Ramas)";7;33,43;1;0;0,14;0,43;0,43;"Operativos Regulares frecuentes"
"Guayas - Salitre - General Vernaza (Dos Esteros)";4;40;1;0;0,25;0,5;0,25;"Operativos Regulares frecuentes"
"Guayas - Salitre - La Victoria (Nauza)";2;30,5;1;0;0;1;0;"Operativos Regulares frecuentes"
"Guayas - Salitre - Junquillal";3;27,67;0,67;0,33;0;0;1;"Operativos Regulares frecuentes"
"Guayas - San Jacinto De Yaguachi - San Jacinto De Yaguachi";72;33,67;0,74;0,26;0,47;0,22;0,31;"Operativos de Transito SemiConstantes"
"Guayas - San Jacinto De Yaguachi - Gral. Pedro J. Montero (Boliche)";5;36;0,6;0,4;0,4;0,4;0,2;"Operativos Regulares frecuentes"
"Guayas - San Jacinto de Yaguachi - Yaguachi  Viejo (Cone)";2;17;1;0;1;0;0;"Operativos Regulares frecuentes"
"Guayas - San Jacinto De Yaguachi - Virgen De Fatima";20;40,75;0,9;0,1;0,8;0,05;0,15;"Operativos Regulares frecuentes"
"Guayas - Playas - General Villamil (Playas)";33;38,58;0,82;0,18;0,36;0,27;0,36;"Operativos de Transito SemiConstantes"
"Guayas - Simon Bolivar - Simon Bolivar";9;24;1;0;0;0,78;0,22;"Operativos Regulares frecuentes"
"Guayas - Simon Bolivar - Coronel Lorenzo de Garaicoa (Pedregal)";4;36;0,75;0,25;0,25;0;0,75;"Operativos Regulares frecuentes"
"Guayas - Crnel. Marcelino Mariduena - Crnel. Marcelino Mariduena (San Carlos)";8;28,12;0,88;0,12;0,5;0,25;0,25;"Operativos Regulares frecuentes"
"Guayas - Lomas De Sargentillo - Lomas De Sargentillo";9;31,44;0,89;0,11;0,44;0;0,56;"Operativos Regulares frecuentes"
"Guayas - Nobol - Narcisa De Jesus (Nobol)";17;43,65;0,94;0,06;0,41;0,24;0,35;"Operativos Regulares frecuentes"
"Guayas - Gnral. Antonio Elizalde - Gral. Antonio Elizalde (Bucay)";4;27;1;0;0;0,75;0,25;"Operativos Regulares frecuentes"
"Guayas - Isidro Ayora - Isidro Ayora";11;34,55;0,82;0,18;0,36;0,36;0,27;"Operativos Regulares frecuentes"
"Imbabura - Ibarra - Caranqui";9;39,11;0,67;0,33;0,33;0,22;0,44;"Operativos Regulares frecuentes"
"Imbabura - Ibarra - Guayaquil de Alpachaca";2;55;0,5;0,5;0;0;1;"Operativos Regulares frecuentes"
"Imbabura - Ibarra - Sagrario";27;39,26;0,81;0,19;0,26;0,26;0,48;"Operativos Regulares frecuentes"
"Imbabura - Ibarra - San Francisco";12;32,08;1;0;0,58;0,25;0,17;"Operativos Regulares frecuentes"
"Imbabura - Ibarra - La Dolorosa Del Prionato";6;51,33;1;0;0,67;0,17;0,17;"Operativos Regulares frecuentes"
"Imbabura - Ibarra - San Miguel De Ibarra";10;39,3;0,9;0,1;0,5;0,1;0,4;"Operativos Regulares frecuentes"
"Imbabura - Ibarra - Ambuqui";8;42,25;1;0;0,38;0,25;0,38;"Operativos Regulares frecuentes"
"Imbabura - Ibarra - Carolina";8;39,38;0,75;0,25;0,25;0,25;0,5;"Operativos Regulares frecuentes"
"Imbabura - Ibarra - La Esperanza";4;27;1;0;0,5;0,25;0,25;"Operativos Regulares frecuentes"
"Imbabura - Ibarra - Lita";2;37;1;0;0,5;0,5;0;"Operativos Regulares frecuentes"
"Imbabura - Ibarra - Salinas";8;33,38;1;0;0,12;0,25;0,62;"Operativos Regulares frecuentes"
"Imbabura - Ibarra - San Antonio";11;40,55;0,91;0,09;0,27;0,27;0,45;"Operativos Regulares frecuentes"
"Imbabura - Antonio Ante - Andrade Marin (Lourdes)";3;48,33;0,67;0,33;0,67;0;0,33;"Operativos Regulares frecuentes"
"Imbabura - Antonio Ante - Atuntaqui";2;85,5;0,5;0,5;0,5;0;0,5;"Operativos Regulares frecuentes"
"Imbabura - Antonio Ante - Atuntaqui";10;49,1;0,9;0,1;0,3;0,4;0,3;"Operativos Regulares frecuentes"
"Imbabura - Antonio Ante - Imbaya (San Luis de Cobuendo)";1;60;0;1;1;0;0;"Operativos Regulares frecuentes"
"Imbabura - Antonio Ante - San Fco. De Natabuela";5;35,4;0,8;0,2;0,4;0,2;0,4;"Operativos Regulares frecuentes"
"Imbabura - Antonio Ante - San Jose de Chaltura";1;27;1;0;1;0;0;"Operativos Regulares frecuentes"
"Imbabura - Antonio Ante - San Roque";8;58,25;0,88;0,12;0,5;0,38;0,12;"Operativos Regulares frecuentes"
"Imbabura - Cotacahi - Sagrario";2;59;1;0;0;0,5;0,5;"Operativos Regulares frecuentes"
"Imbabura - Cotacachi - San Francisco";2;33,5;1;0;0;0;1;"Operativos Regulares frecuentes"
"Imbabura - Cotacachi - Cotacachi Cabecera Cantonal";1;30;1;0;0;0;1;"Operativos Regulares frecuentes"
"Imbabura - Cotacachi - Apuela";2;78,5;0,5;0,5;0;0;1;"Operativos Regulares frecuentes"
"Imbabura - Cotacahi - Garcia Moreno (Llurimagua)";1;95;1;0;0;1;0;"Operativos Regulares frecuentes"
"Imbabura - Cotacachi - Imantag";3;34,33;0,67;0,33;1;0;0;"Operativos Regulares frecuentes"
"Imbabura - Cotacachi - Penaherrera";1;26;0;1;1;0;0;"Operativos Regulares frecuentes"
"Imbabura - Cotacachi - Quiroga";2;53,5;1;0;0,5;0;0,5;"Operativos Regulares frecuentes"
"Imbabura - Otavalo - Jordan";9;43,44;0,56;0,44;0,44;0,33;0,22;"Operativos Regulares frecuentes"
"Imbabura - Otavalo - San Luis";7;55,57;0,71;0,29;0,29;0,43;0,29;"Operativos Regulares frecuentes"
"Imbabura - Otavalo - Otavalo";3;70,33;0,33;0,67;0,33;0,67;0;"Operativos Regulares frecuentes"
"Imbabura - Otavalo - Doctor Miguel Egas Cabezas (Peguche)";5;49,4;0,8;0,2;0,4;0,4;0,2;"Operativos Regulares frecuentes"
"Imbabura - Otavalo - Eugenio Espejo (Calpaqui)";11;47;0,82;0,18;0,55;0,09;0,36;"Operativos Regulares frecuentes"
"Imbabura - Otavalo - Gonzalez Suarez";21;34,81;0,57;0,43;0,71;0,19;0,1;"Operativos Regulares frecuentes"
"Imbabura - Otavalo - San Jose De Quichinche";2;74,5;0,5;0,5;0;1;0;"Operativos Regulares frecuentes"
"Imbabura - Otavalo - San Juan De Iluman";13;41,62;0,92;0,08;0,31;0,38;0,31;"Operativos Regulares frecuentes"
"Imbabura - Otavalo - San Pablo";4;38,5;0,75;0,25;0;0,25;0,75;"Operativos Regulares frecuentes"
"Imbabura - Otavalo - San Rafael";6;50;1;0;0,33;0,33;0,33;"Operativos Regulares frecuentes"
"Imbabura - Otavalo - Selva Alegre(Cab. En San Miguel de Pamplona)";1;32;1;0;1;0;0;"Operativos Regulares frecuentes"
"Imbabura - Pimampiro - Pimampiro";6;43;1;0;0;0,33;0,67;"Operativos Regulares frecuentes"
"Imbabura - Pimampiro - Mariano Acosta";1;42;0;1;0;1;0;"Operativos Regulares frecuentes"
"Imbabura - San Miguel De Urcuqui - Urcuqui";2;47;1;0;0;0,5;0,5;"Operativos Regulares frecuentes"
"Imbabura - San Miguel De Urcuqui - San Blas";2;26;1;0;0;1;0;"Operativos Regulares frecuentes"
"Imbabura - San Miguel De Urcuqui - Tumbabiro";1;24;1;0;0;1;0;"Operativos Regulares frecuentes"
"Imbabura - Cotacahi - Imantag";1;43;1;0;0;1;0;"Operativos Regulares frecuentes"
"Loja - Loja - El Sagrario";5;56,8;0,8;0,2;0,2;0,8;0;"Operativos Regulares frecuentes"
"Loja - Loja - San Sebastian";3;44;1;0;0;0,33;0,67;"Operativos Regulares frecuentes"
"Loja - Loja - Sucre";48;53,43;0,06;0,08;0;0,15;0;"Operativos de Transito SemiConstantes"
"Loja - Loja - Valle";25;50,56;0,8;0,2;0,36;0,32;0,32;"Operativos Regulares frecuentes"
"Loja - Loja - Carigan";3;62;0,67;0,33;0;0;1;"Operativos Regulares frecuentes"
"Loja - Loja - Loja Cabecera Cantonal y Capital Provincial";9;44;0,89;0,11;0,22;0;0,78;"Operativos Regulares frecuentes"
"Loja - Loja - Chuquiribamba";2;14,5;0,5;0,5;0;0,5;0,5;"Operativos Regulares frecuentes"
"Loja - Loja - Gualel";1;34;1;0;1;0;0;"Operativos Regulares frecuentes"
"Loja - Loja - Malacatos (Valladolid)";3;53,33;1;0;0,67;0,33;0;"Operativos Regulares frecuentes"
"Loja - Loja - San Lucas";6;25,67;1;0;0,33;0;0,67;"Operativos Regulares frecuentes"
"Loja - Loja - Taquil (Miguel Riofrio)";4;51,5;1;0;0,75;0;0,25;"Operativos Regulares frecuentes"
"Loja - Loja - Vilcabamba (Victoria)";1;33;1;0;0;1;0;"Operativos Regulares frecuentes"
"Loja - Loja - Yangana (Arsenio Castillo)";1;16;1;0;0;1;0;"Operativos Regulares frecuentes"
"Loja - Calvas - Cariamanga";1;84;1;0;1;0;0;"Operativos Regulares frecuentes"
"Loja - Calvas - Chile";2;65,5;0,5;0,5;0,5;0;0,5;"Operativos Regulares frecuentes"
"Loja - Calvas - Cariamanga Cabecera Cantonal";2;13,5;0,5;0,5;0;0;1;"Operativos Regulares frecuentes"
"Loja - Calvas - Colaisaca";2;14,5;1;0;0;0;1;"Operativos Regulares frecuentes"
"Loja - Catamayo - Catamayo";2;34;1;0;0,5;0,5;0;"Operativos Regulares frecuentes"
"Loja - Catamayo - San Jose";1;30;1;0;0;0;1;"Operativos Regulares frecuentes"
"Loja - Catamayo - Catamayo (La Toma)";4;12,75;0,75;0,25;0;0,5;0,5;"Operativos Regulares frecuentes"
"Loja - Catamayo - El Tambo";1;20;1;0;0;0;1;"Operativos Regulares frecuentes"
"Loja - Catamayo - San Pedro de la Bendita";2;13,5;0,5;0,5;1;0;0;"Operativos Regulares frecuentes"
"Loja - Celica - Celica";3;54,67;1;0;0,67;0,33;0;"Operativos Regulares frecuentes"
"Loja - Celica - Cruzpamba (Cab En Carlos Bustamante)";1;15;1;0;0;1;0;"Operativos Regulares frecuentes"
"Loja - Chaguarpamba - Chaguarpamba";4;48,25;0,5;0,5;0,5;0;0,5;"Operativos Regulares frecuentes"
"Loja - Espindola - Amaluza";2;45;1;0;0;1;0;"Operativos Regulares frecuentes"
"Loja - Espindola - Jimbura";1;40;1;0;1;0;0;"Operativos Regulares frecuentes"
"Loja - Espindola - Santa Teresita";2;82,5;1;0;0,5;0;0,5;"Operativos Regulares frecuentes"
"Loja - Gonzanama - Gonzanama";3;33,33;0,67;0,33;0,33;0,33;0,33;"Operativos Regulares frecuentes"
"Loja - Gonzanama - Nambacola";5;52,2;0,8;0,2;0,4;0,6;0;"Operativos Regulares frecuentes"
"Loja - Macara - Sabiango (La Capilla)";1;29;1;0;0;1;0;"Operativos Regulares frecuentes"
"Loja - Paltas - Catacocha";2;52;1;0;0;1;0;"Operativos Regulares frecuentes"
"Loja - Paltas - Lourdes";1;42;1;0;0;0;1;"Operativos Regulares frecuentes"
"Loja - Paltas - Catacocha";4;57,5;1;0;0,25;0;0,75;"Operativos Regulares frecuentes"
"Loja - Paltas - Orianga";1;23;1;0;1;0;0;"Operativos Regulares frecuentes"
"Loja - Puyango - Alamor";4;40,5;0,75;0,25;0,25;0,5;0,25;"Operativos Regulares frecuentes"
"Loja - Puyango - El Arenal";1;43;1;0;1;0;0;"Operativos Regulares frecuentes"
"Loja - Puyango - Vicentino";1;30;1;0;0;0;1;"Operativos Regulares frecuentes"
"Loja - Saraguro - El Tablon";2;18,5;1;0;0;1;0;"Operativos Regulares frecuentes"
"Loja - Saraguro - San Pablo De Tenta";1;18;1;0;0;1;0;"Operativos Regulares frecuentes"
"Loja - Saraguro - Urdaneta (Paquishapa)";2;40;1;0;0,5;0;0,5;"Operativos Regulares frecuentes"
"Loja - Sozoranga - Sozoranga";1;23;1;0;0;1;0;"Operativos Regulares frecuentes"
"Loja - Sozoranga - Tacamoros";1;26;1;0;0;1;0;"Operativos Regulares frecuentes"
"Loja - Zapotillo - Zapotillo";12;32,5;0,75;0,25;0,17;0,17;0,67;"Operativos Regulares frecuentes"
"Loja - Zapotillo - Paletillas";1;37;1;0;0;1;0;"Operativos Regulares frecuentes"
"Loja - Olemdo - Olmedo";1;11;0;1;0;1;0;"Operativos Regulares frecuentes"
"Loja - Olemdo - La Tingue";1;31;0;1;0;1;0;"Operativos Regulares frecuentes"
"Los Rios - Babahoyo - Clemente Baquerizo";67;39,99;0,84;0,16;0,36;0,42;0,22;"Operativos de Transito SemiConstantes"
"Los Rios - Babahoyo - Doctor Camilo Ponce";61;41,7;0,93;0,07;0,33;0,28;0,39;"Operativos de Transito SemiConstantes"
"Los Rios - Babahoyo - Barreiro";1;20;1;0;0;0;1;"Operativos Regulares frecuentes"
"Los Rios - Babahoyo - El Salto";2;32;1;0;0;0;1;"Operativos Regulares frecuentes"
"Los Rios - Babahoyo - Babahoyo";46;33,67;0,83;0,17;0,37;0,46;0,17;"Operativos de Transito SemiConstantes"
"Los Rios - Babahoyo - Caracol";4;47,75;0,75;0,25;0,25;0,75;0;"Operativos Regulares frecuentes"
"Los Rios - Babahoyo - Febres Cordero (Las Juntas) (Cab En Mata De Cacao).";17;34,47;1;0;0,29;0,41;0,29;"Operativos Regulares frecuentes"
"Los Rios - Babahoyo - Pimocha";17;43,29;1;0;0,18;0,35;0,47;"Operativos Regulares frecuentes"
"Los Rios - Babahoyo - La Union";6;32,5;0,83;0,17;0,83;0,17;0;"Operativos Regulares frecuentes"
"Los Rios - Baba - Baba";15;39,6;0,93;0,07;0,33;0,13;0,53;"Operativos Regulares frecuentes"
"Los Rios - Baba - Guare";7;41,57;1;0;0,14;0,14;0,71;"Operativos Regulares frecuentes"
"Los Rios - Baba - Isla De Bejucal";12;32,83;1;0;0,42;0,08;0,5;"Operativos Regulares frecuentes"
"Los Rios - Montalvo - Montalvo";24;40,54;0,88;0,12;0,42;0,25;0,33;"Operativos Regulares frecuentes"
"Los Rios - Montalvo - La Esmeralda";2;57,5;1;0;0,5;0,5;0;"Operativos Regulares frecuentes"
"Los Rios - Puebloviejo - Puebloviejo";22;36,45;0,68;0,32;0,27;0,41;0,32;"Operativos Regulares frecuentes"
"Los Rios - Puebloviejo - Puerto Pechiche";5;26,8;1;0;0,2;0,4;0,4;"Operativos Regulares frecuentes"
"Los Rios - Puebloviejo - San Juan";29;39,03;1;0;0,21;0,28;0,52;"Operativos de Transito SemiConstantes"
"Los Rios - Quevedo - Quevedo";3;45,67;1;0;0,33;0;0,67;"Operativos Regulares frecuentes"
"Los Rios - Quevedo - San Camilo";9;44;0,89;0,11;0,56;0,33;0,11;"Operativos Regulares frecuentes"
"Los Rios - Quevedo - Guayacan";4;49,75;0,5;0,5;0,25;0;0,75;"Operativos Regulares frecuentes"
"Los Rios - Quevedo - San Cristobal";2;29;0,5;0,5;0;0;1;"Operativos Regulares frecuentes"
"Los Rios - Quevedo - Siete De Octubre";49;42,53;0,86;0,14;0,27;0,2;0,51;"Operativos de Transito SemiConstantes"
"Los Rios - Quevedo - 24 De Mayo";16;36;0,94;0,06;0,38;0,44;0,19;"Operativos Regulares frecuentes"
"Los Rios - Quevedo - Venus Del Rio Quevedo";6;29;0,83;0,17;0,33;0,5;0,17;"Operativos Regulares frecuentes"
"Los Rios - Quevedo - Viva Alfaro";1;56;1;0;0;1;0;"Operativos Regulares frecuentes"
"Los Rios - Quevedo - Quevedo";35;36,69;0,83;0,17;0,2;0,49;0,29;"Operativos Regulares frecuentes"
"Los Rios - Quevedo - San Carlos";11;45;0,64;0,36;0,36;0,09;0,55;"Operativos Regulares frecuentes"
"Los Rios - Quevedo - La Esperanza";5;43,8;1;0;0,2;0,8;0;"Operativos Regulares frecuentes"
"Los Rios - Urdaneta - Catarama";5;31,6;1;0;0,2;0,4;0,4;"Operativos Regulares frecuentes"
"Los Rios - Urdaneta - Ricaurte";14;30,43;0,86;0,14;0,57;0,14;0,29;"Operativos Regulares frecuentes"
"Los Rios - Ventanas - 10 De Noviembre";1;37;1;0;0;1;0;"Operativos Regulares frecuentes"
"Los Rios - Ventanas - Ventanas";23;37,13;0,96;0,04;0,04;0,74;0,22;"Operativos Regulares frecuentes"
"Los Rios - Ventanas - Ventanas";22;34,86;0,95;0,05;0,45;0;0,55;"Operativos Regulares frecuentes"
"Los Rios - Ventanas - Zapotal";22;37,59;0,82;0,18;0,18;0,64;0,18;"Operativos Regulares frecuentes"
"Los Rios - Vinces - Balzar de Vinces";1;53;1;0;1;0;0;"Operativos Regulares frecuentes"
"Los Rios - Vinces - Vinces Central";1;31;0;1;1;0;0;"Operativos Regulares frecuentes"
"Los Rios - Vinces - Vinces";37;34,03;0,89;0,11;0,35;0,3;0,35;"Operativos de Transito SemiConstantes"
"Los Rios - Vinces - Antonio Sotomayor (Cab. Playas De Vince";9;42,44;1;0;0,11;0,44;0,44;"Operativos Regulares frecuentes"
"Los Rios - Palenque - Palenque";13;33;0,92;0,08;0,23;0,31;0,38;"Operativos Regulares frecuentes"
"Los Rios - Buena Fe - San Jacinto De Buena Fe";21;33,14;0,86;0,14;0,05;0,81;0,1;"Operativos Regulares frecuentes"
"Los Rios - Buena Fe - San Jacinto de Buena Fe";33;35,85;0,58;0,42;0,58;0;0,42;"Operativos de Transito SemiConstantes"
"Los Rios - Buena Fe - Patricia Pilar";25;35,88;0,76;0,24;0,16;0,64;0,2;"Operativos Regulares frecuentes"
"Los Rios - Valencia - Valencia";9;53,44;0,89;0,11;0;1;0;"Operativos Regulares frecuentes"
"Los Rios - Valencia - La union";4;56,25;1;0;0;0,5;0,5;"Operativos Regulares frecuentes"
"Los Rios - Valencia - Valencia";17;36,59;0,88;0,12;0,53;0;0,47;"Operativos Regulares frecuentes"
"Los Rios - Mocache - Mocache";16;43,25;0,94;0,06;0,19;0,44;0,38;"Operativos Regulares frecuentes"
"Los Rios - Quinsaloma - Quinsaloma";14;40,93;0,86;0,14;0,14;0,29;0,57;"Operativos Regulares frecuentes"
"Manabi - Portoviejo - Portoviejo";24;35,12;0,88;0,12;0,46;0;0,54;"Operativos Regulares frecuentes"
"Manabi - Portoviejo - 12 De Marzo";5;39,4;1;0;0,4;0,6;0;"Operativos Regulares frecuentes"
"Manabi - Portoviejo - Colon";9;44,44;0,89;0,11;0,56;0,22;0,22;"Operativos Regulares frecuentes"
"Manabi - Portoviejo - Picoaza";6;38;0,67;0,33;0,83;0,17;0;"Operativos Regulares frecuentes"
"Manabi - Portoviejo - San Pablo";1;25;1;0;0;1;0;"Operativos Regulares frecuentes"
"Manabi - Portoviejo - Andres De Vera";15;38;0,87;0,13;0,73;0,13;0,13;"Operativos Regulares frecuentes"
"Manabi - Portoviejo - Francisco Pacheco";57;35,53;0,84;0,16;0,32;0,3;0,39;"Operativos de Transito SemiConstantes"
"Manabi - Portoviejo - 18 De Octubre";2;47,5;1;0;0;0,5;0,5;"Operativos Regulares frecuentes"
"Manabi - Portoviejo - Simon Bolivar";5;36,6;1;0;0,6;0,2;0,2;"Operativos Regulares frecuentes"
"Manabi - Portoviejo - Portoviejo";15;40,73;0,53;0,47;0,33;0,53;0,13;"Operativos Regulares frecuentes"
"Manabi - Portoviejo - Abdon Calderon (San Francisco)";7;38,29;1;0;0,29;0,29;0,43;"Operativos Regulares frecuentes"
"Manabi - Portoviejo - Alhajuela (Bajo grande)";1;26;1;0;0;0;1;"Operativos Regulares frecuentes"
"Manabi - Portoviejo - Crucita";6;33,67;0,67;0,33;0,17;0,5;0,33;"Operativos Regulares frecuentes"
"Manabi - Portoviejo - Pueblo Nuevo";2;43,5;1;0;0,5;0,5;0;"Operativos Regulares frecuentes"
"Manabi - Portoviejo - Riochico (Rio Chico)";4;30,25;1;0;1;0;0;"Operativos Regulares frecuentes"
"Manabi - Portoviejo - San Placido";9;40,33;0,78;0,22;0,67;0,11;0,22;"Operativos Regulares frecuentes"
"Manabi - Bolivar - Calceta";9;38,78;1;0;0,22;0,56;0,22;"Operativos Regulares frecuentes"
"Manabi - Bolivar - Membrillo";3;34;0,67;0,33;1;0;0;"Operativos Regulares frecuentes"
"Manabi - Bolivar - Quiroga";4;26,5;0,5;0,5;1;0;0;"Operativos Regulares frecuentes"
"Manabi - Chone - Chone";30;41,67;0,73;0,27;0,13;0,43;0,43;"Operativos Regulares frecuentes"
"Manabi - Chone - Santa Rita";6;33,17;0,67;0,33;0,33;0,5;0,17;"Operativos Regulares frecuentes"
"Manabi - Chone - Chone";6;39,83;1;0;0,5;0;0,5;"Operativos Regulares frecuentes"
"Manabi - Chone - Boyaca";2;47;1;0;0;1;0;"Operativos Regulares frecuentes"
"Manabi - Chone - Canuto";4;40,75;1;0;0,25;0,25;0,5;"Operativos Regulares frecuentes"
"Manabi - Chone - Chibunga";3;29,67;1;0;0;0;1;"Operativos Regulares frecuentes"
"Manabi - Chone - Eloy Alfaro";1;21;1;0;1;0;0;"Operativos Regulares frecuentes"
"Manabi - Chone - Ricaurte";6;38,17;0,83;0,17;0,33;0,17;0,33;"Operativos Regulares frecuentes"
"Manabi - Chone - San Antonio";6;53,33;0,83;0,17;0,5;0,5;0;"Operativos Regulares frecuentes"
"Manabi - El Carmen - El Carmen";36;31,97;0,83;0,17;0,17;0,64;0,19;"Operativos de Transito SemiConstantes"
"Manabi - El Carmen - 4 De Diciembe";2;27;1;0;0;0,5;0,5;"Operativos Regulares frecuentes"
"Manabi - El Carmen - El carmen";31;33,52;0,84;0,16;0,58;0;0,39;"Operativos de Transito SemiConstantes"
"Manabi - El Carmen - Wilfrido Loor Moreira (Maicito)";1;19;1;0;0;1;0;"Operativos Regulares frecuentes"
"Manabi - El Carmen - San Pedro de Suma";1;42;0;1;0;0;1;"Operativos Regulares frecuentes"
"Manabi - Flavio Alfaro - Flavio Alfaro";13;39,92;1;0;0,54;0,31;0,15;"Operativos Regulares frecuentes"
"Manabi - Jipijapa - Miguel Inocencio Parrales y Guale";2;28;1;0;0,5;0;0,5;"Operativos Regulares frecuentes"
"Manabi - Jipijapa - San Lorenzo De Jipijapa";3;33;1;0;0;0,67;0,33;"Operativos Regulares frecuentes"
"Manabi - Jipijapa - Jipijapa";17;42,53;0,88;0,12;0,53;0,41;0,06;"Operativos Regulares frecuentes"
"Manabi - Jipijapa - America";11;41,82;0,73;0,27;0;0,82;0,18;"Operativos Regulares frecuentes"
"Manabi - Jipijapa - El Anegado (Cab En Eloy Alfaro)";3;51;0,67;0,33;0,67;0,33;0;"Operativos Regulares frecuentes"
"Manabi - Jipijapa - Pedro Pablo Gomez";1;49;1;0;0;0;1;"Operativos Regulares frecuentes"
"Manabi - Jipijapa - Puerto de Cayo";1;19;1;0;1;0;0;"Operativos Regulares frecuentes"
"Manabi - Junin - Junin";14;35;0,93;0,07;0,36;0,36;0,29;"Operativos Regulares frecuentes"
"Manabi - Manta - Los Esteros";15;29;0,93;0,07;0,53;0,13;0,33;"Operativos Regulares frecuentes"
"Manabi - Manta - Manta";56;37,38;0,89;0,11;0,38;0;0,59;"Operativos de Transito SemiConstantes"
"Manabi - Manta - San Mateo";5;40;0,8;0,2;0,2;0,6;0,2;"Operativos Regulares frecuentes"
"Manabi - Manta - Tarqui";8;43,62;0,75;0,25;0,5;0,5;0;"Operativos Regulares frecuentes"
"Manabi - Manta - Eloy Alfaro";5;27;0,8;0,2;0,2;0,2;0,6;"Operativos Regulares frecuentes"
"Manabi - Manta - Manta";41;40,85;0,83;0,17;0,17;0,78;0,05;"Operativos de Transito SemiConstantes"
"Manabi - Manta - San Lorenzo";4;32,5;1;0;0;0,5;0,5;"Operativos Regulares frecuentes"
"Manabi - Manta - Santa Marianita (Boca de Pacoche)";1;27;1;0;1;0;0;"Operativos Regulares frecuentes"
"Manabi - Montecristi - Montecristi";11;30,09;1;0;0,27;0;0,73;"Operativos Regulares frecuentes"
"Manabi - Montecristi - El Colorado";3;35;1;0;0,33;0,33;0,33;"Operativos Regulares frecuentes"
"Manabi - Montecristi - Leonidas Proano";2;29;1;0;0,5;0,5;0;"Operativos Regulares frecuentes"
"Manabi - Montecristi - Montecristi";13;38;0,62;0,38;0;0,92;0,08;"Operativos Regulares frecuentes"
"Manabi - Montecristi - La Pila";3;31,67;1;0;0,33;0,67;0;"Operativos Regulares frecuentes"
"Manabi - Pajan - Pajan";9;33,22;0,89;0,11;0,11;0,22;0,67;"Operativos Regulares frecuentes"
"Manabi - Pajan - Campozano (La Palma De Pajan)";2;23;0;1;0;1;0;"Operativos Regulares frecuentes"
"Manabi - Pajan - Cascol";4;49,25;1;0;0,5;0,25;0,25;"Operativos Regulares frecuentes"
"Manabi - Pajan - Guale";3;14,33;0,67;0,33;1;0;0;"Operativos Regulares frecuentes"
"Manabi - Pichincha - Pichincha";20;36,75;0,7;0,3;0,25;0,35;0,4;"Operativos Regulares frecuentes"
"Manabi - Pichincha - Barraganete";4;26,5;0,75;0,25;0,25;0,5;0,25;"Operativos Regulares frecuentes"
"Manabi - Pichincha - San Sebastian";2;28,5;1;0;0;1;0;"Operativos Regulares frecuentes"
"Manabi - Rocafuerte - Rocafuerte";23;35,52;0,78;0,22;0,43;0,22;0,35;"Operativos Regulares frecuentes"
"Manabi - Santa Ana - Santa Ana De Vuelta Larga";7;32,71;1;0;0,29;0,14;0,57;"Operativos Regulares frecuentes"
"Manabi - Santa Ana - Lodana";2;23,5;1;0;0,5;0,5;0;"Operativos Regulares frecuentes"
"Manabi - Santa Ana - Santa Ana";7;30,86;0,86;0,14;0,29;0,43;0,29;"Operativos Regulares frecuentes"
"Manabi - Santa Ana - Ayacucho";9;32,33;0,89;0,11;0,22;0,56;0,22;"Operativos Regulares frecuentes"
"Manabi - Santa Ana - Honorato Vasquez (Cab. En Vasquez)";1;23;0;1;1;0;0;"Operativos Regulares frecuentes"
"Manabi - Santa Ana - La Union";2;40,5;1;0;0,5;0,5;0;"Operativos Regulares frecuentes"
"Manabi - Santa Ana - San Pablo (Cab En Pueblo Nuevo)";1;29;1;0;0;1;0;"Operativos Regulares frecuentes"
"Manabi - Sucre - Bahia De Caraquez";11;44,45;0,64;0,36;0,18;0,73;0,09;"Operativos Regulares frecuentes"
"Manabi - Sucre - Leonidas Plaza Gutierrez";5;45,8;0,8;0,2;0;0,8;0,2;"Operativos Regulares frecuentes"
"Manabi - Sucre - Bahia de Caraquez";2;33,5;1;0;0;0;1;"Operativos Regulares frecuentes"
"Manabi - Sucre - Charapoto";8;30,88;0,88;0,12;0;0,12;0,88;"Operativos Regulares frecuentes"
"Manabi - Sucre - San Isidro";4;41,75;0,75;0,25;0,5;0,25;0,25;"Operativos Regulares frecuentes"
"Manabi - Tosagua - Tosagua";12;35,42;1;0;0,33;0,5;0,17;"Operativos Regulares frecuentes"
"Manabi - Tosagua - Bachillero";2;20,5;0,5;0,5;0,5;0,5;0;"Operativos Regulares frecuentes"
"Manabi - 24 De Mayo - Sucre";15;40,07;0,87;0,13;0,2;0,2;0,53;"Operativos Regulares frecuentes"
"Manabi - 24 De Mayo - Bellavista";2;49;0,5;0,5;0,5;0,5;0;"Operativos Regulares frecuentes"
"Manabi - 24 De Mayo - Noboa";3;27;1;0;0,33;0,33;0,33;"Operativos Regulares frecuentes"
"Manabi - Pedernales - Pedernales";27;28,22;0,78;0,22;0,26;0,41;0,33;"Operativos Regulares frecuentes"
"Manabi - Pedernales - Cojimies";5;34,2;0,8;0,2;0,2;0,2;0,6;"Operativos Regulares frecuentes"
"Manabi - Pedernales - 10 de Agosto";1;27;1;0;1;0;0;"Operativos Regulares frecuentes"
"Manabi - Pedernales - Atahualpa";2;39;0,5;0,5;0;0,5;0,5;"Operativos Regulares frecuentes"
"Manabi - Olmedo - Olmedo";11;37,18;0,91;0,09;0,09;0,45;0,45;"Operativos Regulares frecuentes"
"Manabi - Puerto Lopez - Puerto Lopez";4;45,25;0;1;0,5;0;0,5;"Operativos Regulares frecuentes"
"Manabi - Puerto Lopez - Machalilla";3;40;1;0;0,33;0,33;0,33;"Operativos Regulares frecuentes"
"Manabi - Jama - Jama";6;40,17;0,83;0,17;0,17;0,33;0,5;"Operativos Regulares frecuentes"
"Manabi - Jaramijo - Jaramijo";2;44;0,5;0,5;0,5;0;0,5;"Operativos Regulares frecuentes"
"Manabi - San Vicente - San Vicente";8;34,38;0,88;0,12;0,62;0,25;0,12;"Operativos Regulares frecuentes"
"Manabi - San Vicente - Canoa";5;27,6;1;0;0,2;0;0,8;"Operativos Regulares frecuentes"
"Morona Santiago - Morona - Macas";19;32,58;0,89;0,11;0,16;0,37;0,47;"Operativos Regulares frecuentes"
"Morona Santiago - Morona - General Proano";1;6;0;1;0;1;0;"Operativos Regulares frecuentes"
"Morona Santiago - Morona - Sevilla Don Bosco";10;24,5;0,8;0,2;0,4;0,3;0,3;"Operativos Regulares frecuentes"
"Morona Santiago - Morona - Sinai";3;36;0,67;0,33;0,33;0,33;0,33;"Operativos Regulares frecuentes"
"Morona Santiago - Morona - Rio Blanco";2;33,5;1;0;0;0,5;0,5;"Operativos Regulares frecuentes"
"Morona Santiago - Gualaquiza - Gualaquiza";6;40,33;0,5;0,5;0,33;0;0,67;"Operativos Regulares frecuentes"
"Morona Santiago - Gualaquiza - Mercedes Molina";4;38,5;1;0;1;0;0;"Operativos Regulares frecuentes"
"Morona Santiago - Gualaquiza - Gulaquiza";1;69;0;1;1;0;0;"Operativos Regulares frecuentes"
"Morona Santiago - Gualaquiza - Bomboiza";6;47,83;0,83;0,17;0,17;0,33;0,5;"Operativos Regulares frecuentes"
"Morona Santiago - Gualaquiza - El Rosario";1;51;1;0;0;0;1;"Operativos Regulares frecuentes"
"Morona Santiago - Gualaquiza - El Ideal";1;48;1;0;0;1;0;"Operativos Regulares frecuentes"
"Morona Santiago - Limon Indanza - Gral. Leonidas Plaza Gutierrez";5;39,4;0,6;0,4;0,4;0,2;0,2;"Operativos Regulares frecuentes"
"Morona Santiago - Limon Indanza - Indanza";1;58;1;0;0;1;0;"Operativos Regulares frecuentes"
"Morona Santiago - Limon Indaza - San Antonio (Cab. en San Antonio Centro)";4;33;0,75;0,25;0;0;1;"Operativos Regulares frecuentes"
"Morona Santiago - Limon Indanza - San Miguel De Conchay";1;13;1;0;0;0;0;"Operativos Regulares frecuentes"
"Morona Santiago - Limon Indaza - Yunganza (Cab. en el Rosario)";1;50;0;1;0;0;1;"Operativos Regulares frecuentes"
"Morona Santiago - Palora - Palora (Metzera)";4;31;1;0;0;0,25;0,5;"Operativos Regulares frecuentes"
"Morona Santiago - Palora - Sangay (Cab. en Nayamanaca)";1;20;1;0;0;0;1;"Operativos Regulares frecuentes"
"Morona Santiago - Santiago - Santiago de Mendez";2;44,5;0,5;0,5;1;0;0;"Operativos Regulares frecuentes"
"Morona Santiago - Santiago - Patuca";1;57;0;1;0;0;1;"Operativos Regulares frecuentes"
"Morona Santiago - Santiago - Tayuza";1;18;1;0;0;1;0;"Operativos Regulares frecuentes"
"Morona Santiago - Sucua - Sucua";12;33,33;0,75;0,25;0,42;0,33;0,25;"Operativos Regulares frecuentes"
"Morona Santiago - Sucua - Huambi";7;26,29;1;0;0,43;0,43;0,14;"Operativos Regulares frecuentes"
"Morona Santiago - Huamboya - Huamboya";1;38;1;0;1;0;0;"Operativos Regulares frecuentes"
"Morona Santiago - Huamboya - Chiguaza";9;38,22;0,67;0,33;0,11;0,44;0,44;"Operativos Regulares frecuentes"
"Morona Santiago - San Juan Bosco - San Juan Bosco";2;13,5;1;0;1;0;0;"Operativos Regulares frecuentes"
"Morona Santiago - Taisha - Taisha";1;17;1;0;0;0;1;"Operativos Regulares frecuentes"
"Morona Santiago - Taisha - Tuutinentza";2;43,5;1;0;1;0;0;"Operativos Regulares frecuentes"
"Morona Santiago - Logrono - Logrono";3;34,33;1;0;0;0;1;"Operativos Regulares frecuentes"
"Morona Santiago - Logrono - Yaupi";1;54;1;0;0;0;0;"Operativos Regulares frecuentes"
"Morona Santiago - Logrono - Shimpis";1;26;1;0;0;1;0;"Operativos Regulares frecuentes"
"Morona Santiago - Tiwintza - San Jose de Morona";2;35,5;1;0;0;0;1;"Operativos Regulares frecuentes"
"Napo - Tena - Tena";14;38,43;0,64;0,36;0,57;0,29;0,14;"Operativos Regulares frecuentes"
"Napo - Tena - Ahuano";1;29;1;0;0;1;0;"Operativos Regulares frecuentes"
"Napo - Tena - Chontapunta";2;27;1;0;0;0,5;0,5;"Operativos Regulares frecuentes"
"Napo - Tena - Puerto Misahualli";3;29,67;1;0;0;0,67;0,33;"Operativos Regulares frecuentes"
"Napo - Tena - Puerto Napo";7;38,29;0,86;0,14;0,43;0,43;0,14;"Operativos Regulares frecuentes"
"Napo - Tena - San Juan De Muyuna";1;24;1;0;0;1;0;"Operativos Regulares frecuentes"
"Napo - Archidona - Archidona";8;25,88;0,88;0,12;0,38;0,38;0,25;"Operativos Regulares frecuentes"
"Napo - Archidona - Cotundo";12;25,17;0,75;0,25;0,5;0,08;0,42;"Operativos Regulares frecuentes"
"Napo - Archidona - Hatun Sumaku";7;21,43;0,57;0,43;0;0;1;"Operativos Regulares frecuentes"
"Napo - El Chaco - El Chaco";7;43,14;0,57;0,43;0,43;0,29;0,29;"Operativos Regulares frecuentes"
"Napo - El Chaco - Gonzalo Diaz de Pineda (El Bombon)";1;32;1;0;0;0;1;"Operativos Regulares frecuentes"
"Napo - El Chaco - Santa Rosa";3;13,33;0,33;0,67;0;0,33;0;"Operativos Regulares frecuentes"
"Napo - Quijos - Baeza";6;36,83;0,83;0,17;0,67;0,17;0,17;"Operativos Regulares frecuentes"
"Napo - Quijos - Cuyuja";4;52,5;0,75;0,25;0,5;0,25;0,25;"Operativos Regulares frecuentes"
"Napo - Quijos - Papallacta";7;33,57;0,86;0,14;0,43;0,29;0,29;"Operativos Regulares frecuentes"
"Napo - Carlos Julio Arrosemena Tola - Carlos Julio Arosemena Tola";6;43,33;0,83;0,17;0,5;0,17;0,33;"Operativos Regulares frecuentes"
"Pastaza - Pastaza - Puyo";38;32,84;0,89;0,11;0,16;0,58;0,26;"Operativos de Transito SemiConstantes"
"Pastaza - Pastaza - Fatima";3;31,33;1;0;0,33;0,33;0,33;"Operativos Regulares frecuentes"
"Pastaza - Pastaza - Pomona";1;42;1;0;0;1;0;"Operativos Regulares frecuentes"
"Pastaza - Pastaza - Simon Bolivar (Cab En Mushullacta)";4;24,75;1;0;0,25;0,75;0;"Operativos Regulares frecuentes"
"Pastaza - Pastaza - Veracruz (Cab. en Indillama)";1;22;1;0;1;0;0;"Operativos Regulares frecuentes"
"Pastaza - Mera - Mera";6;27,17;0,83;0,17;0;0,5;0,5;"Operativos Regulares frecuentes"
"Pastaza - Mera - Madre Tierra";1;16;1;0;0;0;1;"Operativos Regulares frecuentes"
"Pastaza - Santa Clara - Santa Clara";1;46;0;1;0;1;0;"Operativos Regulares frecuentes"
"Pastaza - Santa Clara - San Jose";2;47;1;0;0,5;0;0,5;"Operativos Regulares frecuentes"
"Pichincha - Quito - Belisario Quevedo";31;37,37;0,84;0,16;0,32;0,26;0,42;"Operativos de Transito SemiConstantes"
"Pichincha - Quito - Carcelen";15;50,73;0,8;0,2;0,4;0,2;0,4;"Operativos Regulares frecuentes"
"Pichincha - Quito - Centro Historico";29;34,15;0,9;0,1;0,28;0,41;0,28;"Operativos de Transito SemiConstantes"
"Pichincha - Quito - Cochapamba";5;31,2;1;0;0,4;0,4;0,2;"Operativos Regulares frecuentes"
"Pichincha - Quito - Comite Del Pueblo";6;49,17;0,83;0,17;0,17;0,5;0,33;"Operativos Regulares frecuentes"
"Pichincha - Quito - Cotocollao";53;37,5;0,79;0,21;0,36;0,38;0,21;"Operativos de Transito SemiConstantes"
"Pichincha - Quito - Chilibulo";22;48,84;0,68;0,32;0,18;0,27;0,55;"Operativos Regulares frecuentes"
"Pichincha - Quito - Chillogallo";21;35,33;0,76;0,24;0,38;0,43;0,19;"Operativos Regulares frecuentes"
"Pichincha - Quito - Chimbacalle";3;42,67;1;0;0,33;0,33;0,33;"Operativos Regulares frecuentes"
"Pichincha - Quito - El Condado";13;35,31;0,92;0,08;0,15;0,31;0,54;"Operativos Regulares frecuentes"
"Pichincha - Quito - Guamani";30;36,5;0,9;0,1;0,33;0,23;0,43;"Operativos de Transito SemiConstantes"
"Pichincha - Quito - Inaquito";17;33,76;0,94;0,06;0,06;0,41;0,47;"Operativos Regulares frecuentes"
"Pichincha - Quito - Itchimbia";207;42,5;0;0,02;0;0,02;0;"Operativo de Transito Constante"
"Pichincha - Quito - Jipijapa";2;50;1;0;0,5;0;0,5;"Operativos Regulares frecuentes"
"Pichincha - Quito - Kennedy";5;40,8;1;0;0;0,8;0;"Operativos Regulares frecuentes"
"Pichincha - Quito - La Argelia";16;34,5;0,81;0,19;0,31;0,5;0,19;"Operativos Regulares frecuentes"
"Pichincha - Quito - La Concepcion";5;51,2;0,6;0,4;0,8;0,2;0;"Operativos Regulares frecuentes"
"Pichincha - Quito - La Ecuatoriana";3;43;0,67;0,33;0;0,67;0,33;"Operativos Regulares frecuentes"
"Pichincha - Quito - La Ferroviaria";9;51,44;1;0;0,22;0,33;0,44;"Operativos Regulares frecuentes"
"Pichincha - Quito - La Libertad";1;28;1;0;1;0;0;"Operativos Regulares frecuentes"
"Pichincha - Quito - La Magdalena";17;46,12;0,94;0,06;0,47;0,24;0,29;"Operativos Regulares frecuentes"
"Pichincha - Quito - La Mena";5;44;0,8;0,2;0,6;0;0,4;"Operativos Regulares frecuentes"
"Pichincha - Quito - Mariscal Sucre";34;15,71;0,74;0,26;0,24;0,35;0,41;"Operativos de Transito SemiConstantes"
"Pichincha - Quito - Ponceano";42;52,79;0,79;0,21;0,45;0,21;0,29;"Operativos de Transito SemiConstantes"
"Pichincha - Quito - Puengasi";18;36,83;0,78;0,22;0,28;0,11;0,61;"Operativos Regulares frecuentes"
"Pichincha - Quito - Quitumbe";37;37,19;0,7;0,3;0,32;0,3;0,38;"Operativos de Transito SemiConstantes"
"Pichincha - Quito - Rumipamba";12;38,08;0,83;0,17;0,67;0,08;0,25;"Operativos Regulares frecuentes"
"Pichincha - Quito - San Bartolo";11;30,59;0,91;0,09;0,27;0,27;0,45;"Operativos Regulares frecuentes"
"Pichincha - Quito - San Isidro Del Inca";12;35,92;0,83;0,17;0,33;0,33;0,33;"Operativos Regulares frecuentes"
"Pichincha - Quito - San Juan";118;40,71;0,8;0,2;0,4;0,27;0,33;"Operativos de Transito SemiConstantes"
"Pichincha - Quito - Solanda";5;51,6;0,8;0,2;0,6;0,2;0,2;"Operativos Regulares frecuentes"
"Pichincha - Quito - Turubamba";4;61;0,75;0,25;0;0,5;0,5;"Operativos Regulares frecuentes"
"Pichincha - Quito - Quito";85;34,09;0,71;0,29;0,41;0,39;0,2;"Operativos de Transito SemiConstantes"
"Pichincha - Quito - Alangasi";5;38,2;1;0;0,6;0,2;0,2;"Operativos Regulares frecuentes"
"Pichincha - Quito - Amaguana";21;37,29;0,76;0,24;0,33;0,43;0,24;"Operativos Regulares frecuentes"
"Pichincha - Quito - Atahualpa (Habaspamba)";2;14,5;1;0;0;1;0;"Operativos Regulares frecuentes"
"Pichincha - Quito - Calacali";13;49,77;0,77;0,23;0,31;0,15;0,54;"Operativos Regulares frecuentes"
"Pichincha - Quito - Calderon (Carapungo)";60;41,32;0,63;0,37;0,32;0,3;0,35;"Operativos de Transito SemiConstantes"
"Pichincha - Quito - Conocoto";33;34,52;0,79;0,21;0,36;0,45;0,18;"Operativos de Transito SemiConstantes"
"Pichincha - Quito - Cumbaya";21;42;0,76;0,24;0,33;0,33;0,33;"Operativos Regulares frecuentes"
"Pichincha - Quito - Checa (Chilpa)";6;45,5;0,83;0,17;0,83;0,17;0;"Operativos Regulares frecuentes"
"Pichincha - Quito - El Quinche";17;41,12;0,76;0,24;0,59;0,35;0,06;"Operativos Regulares frecuentes"
"Pichincha - Quito - Gualea";1;39;1;0;0;1;0;"Operativos Regulares frecuentes"
"Pichincha - Quito - Guangopolo";2;43;1;0;0;0,5;0,5;"Operativos Regulares frecuentes"
"Pichincha - Quito - Guayllabamba";15;44,13;1;0;0,33;0,47;0,2;"Operativos Regulares frecuentes"
"Pichincha - Quito - Llano Chico";7;26,86;0,86;0,14;0,43;0,29;0,29;"Operativos Regulares frecuentes"
"Pichincha - Quito - Lloa";2;42,5;0,5;0,5;0;0;1;"Operativos Regulares frecuentes"
"Pichincha - Quito - Nanegal";5;36,8;0,4;0,6;0,2;0,8;0;"Operativos Regulares frecuentes"
"Pichincha - Quito - Nanegalito";14;40,03;0,57;0,43;0,14;0,36;0,43;"Operativos Regulares frecuentes"
"Pichincha - Quito - Nayon";7;40,86;0,71;0,29;0,14;0,14;0,71;"Operativos Regulares frecuentes"
"Pichincha - Quito - Nono";2;46,5;1;0;1;0;0;"Operativos Regulares frecuentes"
"Pichincha - Quito - Pacto";1;49;1;0;1;0;0;"Operativos Regulares frecuentes"
"Pichincha - Quito - Perucho";1;71;1;0;0;1;0;"Operativos Regulares frecuentes"
"Pichincha - Quito - Pifo";43;37,6;0,56;0,44;0,09;0,7;0,16;"Operativos de Transito SemiConstantes"
"Pichincha - Quito - Pintag";6;33,5;0,67;0,33;0,33;0,33;0,33;"Operativos Regulares frecuentes"
"Pichincha - Quito - Pomasqui";8;32,75;0,88;0,12;0,75;0,25;0;"Operativos Regulares frecuentes"
"Pichincha - Quito - Puellaro";3;42,33;0,67;0,33;0,67;0;0,33;"Operativos Regulares frecuentes"
"Pichincha - Quito - Puembo";1;25;1;0;0;1;0;"Operativos Regulares frecuentes"
"Pichincha - Quito - San Antonio";14;32,07;0,93;0,07;0,5;0,21;0,29;"Operativos Regulares frecuentes"
"Pichincha - Quito - San Jose de Minas";3;34,67;1;0;0,33;0;0,33;"Operativos Regulares frecuentes"
"Pichincha - Quito - Tababala";1;24;1;0;0;0;1;"Operativos Regulares frecuentes"
"Pichincha - Quito - Tumbaco";28;35,32;0,68;0,32;0,32;0,21;0,46;"Operativos de Transito SemiConstantes"
"Pichincha - Quito - Yaruqui";13;40,31;0,77;0,23;0,38;0,38;0,23;"Operativos Regulares frecuentes"
"Pichincha - Quito - Zambiza";2;51;0,5;0,5;0;0;1;"Operativos Regulares frecuentes"
"Pichincha - Cayambe - Cayambe";8;34;0,5;0,5;0,62;0;0,38;"Operativos Regulares frecuentes"
"Pichincha - Cayambe - Juan Montalvo";4;26;0,75;0,25;0,25;0,5;0,25;"Operativos Regulares frecuentes"
"Pichincha - Cayambe - Oton";3;21,67;1;0;0;1;0;"Operativos Regulares frecuentes"
"Pichincha - Cayambe - Cayambe";24;37,27;0,75;0,25;0,25;0,33;0,33;"Operativos Regulares frecuentes"
"Pichincha - Cayambe - Azcazubi";6;40;0,67;0,33;0,5;0,17;0,33;"Operativos Regulares frecuentes"
"Pichincha - Cayambe - Cangahua";10;26,2;0,7;0,3;0,2;0,4;0,4;"Operativos Regulares frecuentes"
"Pichincha - Cayambe - Olmedo (Pecillo)";4;31,5;0,5;0,5;0,5;0,25;0,25;"Operativos Regulares frecuentes"
"Pichincha - Cayambe - Oton";1;35;1;0;1;0;0;"Operativos Regulares frecuentes"
"Pichincha - Cayambe - Santa Rosa de Cuzubamba";3;27;0,67;0,33;0;0;1;"Operativos Regulares frecuentes"
"Pichincha - Cayambe - San Jose De Ayora";9;38;0,89;0,11;0,11;0,56;0,33;"Operativos Regulares frecuentes"
"Pichincha - Mejia - Machachi";57;37,84;0,75;0,25;0,28;0,18;0,51;"Operativos de Transito SemiConstantes"
"Pichincha - Mejia - Aloag";36;38,97;0,78;0,22;0,44;0,33;0,19;"Operativos de Transito SemiConstantes"
"Pichincha - Mejia - Aloasi";5;25;1;0;0,6;0,4;0;"Operativos Regulares frecuentes"
"Pichincha - Mejia - Cutuglahua";8;42;0,75;0,25;0;0,38;0,62;"Operativos Regulares frecuentes"
"Pichincha - Mejia - El Chaupi";7;41,14;0,57;0,43;0,57;0,43;0;"Operativos Regulares frecuentes"
"Pichincha - Mejia - Manuel Cornejo Astorga (Tandapi)";31;41,29;0,71;0,29;0,23;0,61;0,16;"Operativos de Transito SemiConstantes"
"Pichincha - Mejia - Tambillo";38;44,82;0,74;0,26;0,21;0,55;0,24;"Operativos de Transito SemiConstantes"
"Pichincha - Mejia - Uyumbicho";7;32,14;0,57;0,43;0,14;0,14;0,71;"Operativos Regulares frecuentes"
"Pichincha - Pedro Moncayo - Tabacundo";16;38,94;0,75;0,25;0,5;0,31;0,19;"Operativos Regulares frecuentes"
"Pichincha - Pedro Moncayo - La Esperanza";4;42,25;0,75;0,25;0;0,75;0,25;"Operativos Regulares frecuentes"
"Pichincha - Pedro Moncayo - Malchingui";5;42,6;0,6;0,4;0,4;0;0,6;"Operativos Regulares frecuentes"
"Pichincha - Pedro Moncayo - Topachi";3;49,67;0,33;0,67;0,67;0;0,33;"Operativos Regulares frecuentes"
"Pichincha - Pedro Moncayo - Tupigachi";2;42;1;0;0,5;0,5;0;"Operativos Regulares frecuentes"
"Pichincha - Ruminahui - Sangolqui";17;45,76;0,88;0,12;0,24;0,47;0,29;"Operativos Regulares frecuentes"
"Pichincha - Ruminahui - San Rafael";2;63;0,5;0,5;0;1;0;"Operativos Regulares frecuentes"
"Pichincha - Ruminahui - Sangolqui";9;34;1;0;0,33;0;0,67;"Operativos Regulares frecuentes"
"Pichincha - Ruminahui - Rumipamba";1;16;0;1;1;0;0;"Operativos Regulares frecuentes"
"Pichincha - San Miguel De Los Bancos - San Miguel De Los Bancos";21;38,9;0,67;0,33;0,48;0,14;0,38;"Operativos Regulares frecuentes"
"Pichincha - Pedro Vicente Maldonado - Pedro Vicente Maldonado";12;31,33;0,92;0,08;0,25;0,17;0,58;"Operativos Regulares frecuentes"
"Pichincha - Puerto Quito - Puerto Quito";20;28,95;0,85;0,15;0,15;0,5;0,3;"Operativos Regulares frecuentes"
"Tungurahua - Ambato - Atocha - Ficoa";27;47,67;0,67;0,33;0,37;0,26;0,37;"Operativos Regulares frecuentes"
"Tungurahua - Ambato - Huchi Chico";4;22;0,75;0,25;0,5;0,25;0,25;"Operativos Regulares frecuentes"
"Tungurahua - Ambato - Huachi Loreto";2;55,5;1;0;0;0,5;0,5;"Operativos Regulares frecuentes"
"Tungurahua - Ambato - La Merced";57;47,79;0,79;0,21;0,33;0,25;0,42;"Operativos de Transito SemiConstantes"
"Tungurahua - Ambato - La Peninsula";2;56,5;0,5;0,5;0,5;0;0,5;"Operativos Regulares frecuentes"
"Tungurahua - Ambato - Matriz";1;77;0;1;0;1;0;"Operativos Regulares frecuentes"
"Tungurahua - Ambato - Pishilata";3;48,33;1;0;0,33;0;0,67;"Operativos Regulares frecuentes"
"Tungurahua - Ambato - San Francisco";2;48;0,5;0,5;0;0;0,5;"Operativos Regulares frecuentes"
"Tungurahua - Ambato - Ambato";20;40,25;0,65;0,35;0,3;0,15;0,55;"Operativos Regulares frecuentes"
"Tungurahua - Ambato - Ambatillo";1;28;1;0;1;0;0;"Operativos Regulares frecuentes"
"Tungurahua - Ambato - Atahualpa (Chisalata)";9;28,67;0,78;0,22;0,67;0,33;0;"Operativos Regulares frecuentes"
"Tungurahua - Ambato - Augusto N. Martinez (Mundugleo)";2;15;1;0;0,5;0;0,5;"Operativos Regulares frecuentes"
"Tungurahua - Ambato - Constantino Fernandez (Cab. En Cullitahua)";1;61;0;1;1;0;0;"Operativos Regulares frecuentes"
"Tungurahua - Ambato - Huachi Grande";13;42,69;0,85;0,15;0,31;0,62;0,08;"Operativos Regulares frecuentes"
"Tungurahua - Ambato - Izamba";16;31,81;0,88;0,12;0,06;0,56;0,38;"Operativos Regulares frecuentes"
"Tungurahua - Ambato - Juan Benigno Vela";7;41;1;0;0,29;0,29;0,43;"Operativos Regulares frecuentes"
"Tungurahua - Ambato - Montalvo";1;56;1;0;0;0;1;"Operativos Regulares frecuentes"
"Tungurahua - Ambato - Pasa";2;66;0,5;0,5;0;0,5;0,5;"Operativos Regulares frecuentes"
"Tungurahua - Ambato - Picaigua";4;53;0,75;0,25;0,25;0,5;0,25;"Operativos Regulares frecuentes"
"Tungurahua - Ambato - Pilaguin (Pilahuin)";13;33,54;0,92;0,08;0,31;0,31;0,38;"Operativos Regulares frecuentes"
"Tungurahua - Ambato - Quisapincha (Quizapincha)";5;30;0,6;0,4;0,2;0,2;0,6;"Operativos Regulares frecuentes"
"Tungurahua - Ambato - San Bartolome de Pinllog";1;2;1;0;0;0;1;"Operativos Regulares frecuentes"
"Tungurahua - Ambato - Santa Rosa";12;34,58;0,5;0,5;0,25;0,33;0,42;"Operativos Regulares frecuentes"
"Tungurahua - Ambato - Totoras";7;43,14;1;0;0,57;0,43;0;"Operativos Regulares frecuentes"
"Tungurahua - Ambato - Cunchibamba";13;43,69;0,77;0,23;0,38;0,46;0,15;"Operativos Regulares frecuentes"
"Tungurahua - Ambato - Unamuncho";4;52,75;0,75;0,25;0,25;0,5;0,25;"Operativos Regulares frecuentes"
"Tungurahua - Banos De Agua Santa - Banos De Agua Santa";12;27,17;0,92;0,08;0,33;0,33;0,33;"Operativos Regulares frecuentes"
"Tungurahua - Banos De Agua Santa - Ulba";3;32,67;1;0;0,67;0,33;0;"Operativos Regulares frecuentes"
"Tungurahua - Cevallos - Cevallos";1;1;1;0;0;1;0;"Operativos Regulares frecuentes"
"Tungurahua - Mocha - Mocha";14;38,21;1;0;0,21;0,07;0,71;"Operativos Regulares frecuentes"
"Tungurahua - Mocha - Pinguili";2;47,5;1;0;0;1;0;"Operativos Regulares frecuentes"
"Tungurahua - Patate - Los Andes (Cab. En Poatug)";1;29;1;0;0;0;1;"Operativos Regulares frecuentes"
"Tungurahua - Patate - Sucre (Cab. En Sucre-Patate Urcu)";1;3;1;0;0;0;1;"Operativos Regulares frecuentes"
"Tungurahua - Quero - Quero";5;35;1;0;0,6;0;0,4;"Operativos Regulares frecuentes"
"Tungurahua - Quero - Yanayacu-Mochapata(Cab.En Yanayacu)";3;35;1;0;0,33;0,33;0,33;"Operativos Regulares frecuentes"
"Tungurahua - San Pedro De Pelileo - Pelileo";4;36;0,75;0,25;0;0,5;0,5;"Operativos Regulares frecuentes"
"Tungurahua - San Pedro De Pelileo - Pelileo Grande";3;43,33;0,67;0,33;0,33;0,33;0,33;"Operativos Regulares frecuentes"
"Tungurahua - San Pedro de Pelileo - Pelileo";9;29,78;0,56;0,44;0,33;0;0,33;"Operativos Regulares frecuentes"
"Tungurahua - San Pedro de Pelileo - Benitez (Pachanlica)";1;10;1;0;1;0;0;"Operativos Regulares frecuentes"
"Tungurahua - San Pedro de Pelileo - Bolivar";1;22;1;0;1;0;0;"Operativos Regulares frecuentes"
"Tungurahua - San Pedro De Pelileo - Cotalo";4;42;0,75;0,25;0;0,25;0,75;"Operativos Regulares frecuentes"
"Tungurahua - San Pedro De Pelileo - Chiquicha (Cab En Chiquicha Grande)";1;16;1;0;1;0;0;"Operativos Regulares frecuentes"
"Tungurahua - San Pedro De Pelileo - Garcia Moreno (Chumaqui)";4;34,25;1;0;0,25;0,25;0,25;"Operativos Regulares frecuentes"
"Tungurahua - San Pedro De Pelileo - Guambalo (Huambalo)";2;40,5;1;0;0;0,5;0,5;"Operativos Regulares frecuentes"
"Tungurahua - San Pedro De Pelileo - Salasaca";4;40,75;0,75;0,25;0,25;0,5;0,25;"Operativos Regulares frecuentes"
"Tungurahua - Santiago de Pillaro - Pillaro";2;43,5;0,5;0,5;0;0;1;"Operativos Regulares frecuentes"
"Tungurahua - Santiago de Pillaro - Emilio Maria Teran (Rumipamba)";1;66;1;0;1;0;0;"Operativos Regulares frecuentes"
"Tungurahua - Santiago De Pillaro - Presidente Urbina (Chagrapamba-Pa";2;32,5;1;0;0,5;0,5;0;"Operativos Regulares frecuentes"
"Tungurahua - Santiago de Pillaro - San Andres";4;32,5;0,75;0,25;0,5;0;0,5;"Operativos Regulares frecuentes"
"Tungurahua - Santiago De Pillaro - San Miguelito";1;30;1;0;0;1;0;"Operativos Regulares frecuentes"
"Tungurahua - Tisaleo - Tisaleo";11;40,09;0,73;0,27;0,27;0,27;0,45;"Operativos Regulares frecuentes"
"Tungurahua - Tisaleo - Quinchicoto";2;23,5;0;1;1;0;0;"Operativos Regulares frecuentes"
"Zamora Chinchipe - Zamora - Zamora";7;24,43;1;0;0,29;0,57;0,14;"Operativos Regulares frecuentes"
"Zamora Chinchipe - Zamora - Zamora";1;36;0;1;0;0;1;"Operativos Regulares frecuentes"
"Zamora Chinchipe - Zamora - Cumbaratza";3;35,33;0,67;0,33;0,33;0;0,67;"Operativos Regulares frecuentes"
"Zamora Chinchipe - Zamora - Guadalupe";2;32,5;1;0;0;0;1;"Operativos Regulares frecuentes"
"Zamora Chinchipe - Zamora - Sabanilla";1;20;1;0;1;0;0;"Operativos Regulares frecuentes"
"Zamora Chinchipe - Chinchipe - Zumba";3;28;0,67;0,33;0;0;1;"Operativos Regulares frecuentes"
"Zamora Chinchipe - Chinchipe - Chito";1;30;1;0;1;0;0;"Operativos Regulares frecuentes"
"Zamora Chinchipe - Chinchipe - El Chorro";1;26;0;1;0;0;1;"Operativos Regulares frecuentes"
"Zamora Chinchipe - Chinchipe - San Andres ";1;25;1;0;1;0;0;"Operativos Regulares frecuentes"
"Zamora Chinchipe - Nangaritza - Guayzimi";1;18;1;0;0;0;1;"Operativos Regulares frecuentes"
"Zamora Chinchipe - Nangaritza - Nuevo Paraiso";1;16;0;1;0;0;1;"Operativos Regulares frecuentes"
"Zamora Chinchipe - Yantzaza - Yantzaza (Yanzatza)";7;46,71;0,86;0,14;0,14;0,57;0,29;"Operativos Regulares frecuentes"
"Zamora Chinchipe - Yantzaza - Chicana";3;45,33;0,67;0,33;0,67;0,33;0;"Operativos Regulares frecuentes"
"Zamora Chinchipe - Yantzaza - Los Encuentros";2;17;0,5;0,5;0,5;0,5;0;"Operativos Regulares frecuentes"
"Zamora Chinchipe - El Pangui - El Pangui";1;8;0;1;0;0;1;"Operativos Regulares frecuentes"
"Zamora Chinchipe - El Pangui - El Guismi";1;65;1;0;0;1;0;"Operativos Regulares frecuentes"
"Zamora Chinchipe - El Pangui - Tundayme";2;17;1;0;0;1;0;"Operativos Regulares frecuentes"
"Zamora Chinchipe - Centinela del Condor - Zumbi";3;41;1;0;1;0;0;"Operativos Regulares frecuentes"
"Zamora Chinchipe - Palanda - Palanda";2;50;1;0;0;0,5;0,5;"Operativos Regulares frecuentes"
"Zamora Chinchipe - Paquisha - Paquisha";1;85;1;0;0;1;0;"Operativos Regulares frecuentes"
"Galapagos - San Cristobal - Puerto Baquerizo Moreno";1;30;1;0;0;1;0;"Operativos Regulares frecuentes"
"Galapagos - Santa Cruz - Puerto Ayora";5;40,2;1;0;0,4;0,4;0,2;"Operativos Regulares frecuentes"
"Sucumbios - Lago Agrio - Nueva Loja";78;34,19;0,78;0,22;0,37;0,36;0,27;"Operativos de Transito SemiConstantes"
"Sucumbios - Lago Agrio - General Farfan";2;27;0,5;0,5;0;0,5;0,5;"Operativos Regulares frecuentes"
"Sucumbios - Lago Agrio - El Eno";4;22;0,75;0,25;0,5;0,25;0,25;"Operativos Regulares frecuentes"
"Sucumbios - Lago Agrio - Pacayacu";2;23;0,5;0,5;0;0;1;"Operativos Regulares frecuentes"
"Sucumbios - Lago Agrio - Jambeli";1;41;1;0;1;0;0;"Operativos Regulares frecuentes"
"Sucumbios - Lago Agrio - Santa Cecilia";2;56,5;0,5;0,5;0;1;0;"Operativos Regulares frecuentes"
"Sucumbios - Gonzalo Pizarro - Lumbaqui";6;23,83;0,83;0,17;0,67;0;0,33;"Operativos Regulares frecuentes"
"Sucumbios - Gonzalo Pizarro - El Reventador";2;22,5;1;0;0;0;1;"Operativos Regulares frecuentes"
"Sucumbios - Gonzalo Pizarro - Gonzalo Pizarro";5;39,6;0,8;0,2;0;0,8;0,2;"Operativos Regulares frecuentes"
"Sucumbios - Gonzalo Pizarro - Lumbaqui";1;31;1;0;0;1;0;"Operativos Regulares frecuentes"
"Sucumbios - Gonzalo Pizarro - Puerto Libre";1;27;1;0;0;0;1;"Operativos Regulares frecuentes"
"Sucumbios - Putumayo - Puerto el Carmen del Putumayo";2;19,5;0,5;0,5;1;0;0;"Operativos Regulares frecuentes"
"Sucumbios - Putumayo - Palma Roja";4;39;0,75;0,25;0,25;0,5;0,25;"Operativos Regulares frecuentes"
"Sucumbios - Shushufindi - Shushufindi";10;34,4;0,9;0,1;0,5;0,2;0,3;"Operativos Regulares frecuentes"
"Sucumbios - Shushufindi - San Roqui (Cab. En San Vicente)";3;34,67;0,67;0,33;0,67;0;0,33;"Operativos Regulares frecuentes"
"Sucumbios - Shushufindi - San Pedro De Los Cofanes";4;35,5;0,5;0,5;0,5;0,5;0;"Operativos Regulares frecuentes"
"Sucumbios - Shushufindi - Siete De Julio";2;24;1;0;0;0,5;0,5;"Operativos Regulares frecuentes"
"Sucumbios - Cascales - El Dorado de Cascales";3;31,33;0,67;0,33;1;0;0;"Operativos Regulares frecuentes"
"Sucumbios - Cascales - Sevilla";5;23;0,6;0,4;0;0,6;0,4;"Operativos Regulares frecuentes"
"Sucumbios - Cuyabeno - Tarapoa";2;17;0,5;0,5;0,5;0,5;0;"Operativos Regulares frecuentes"
"Sucumbios - Cuyabeno - Aguas Negras";1;31;1;0;1;0;0;"Operativos Regulares frecuentes"
"Orellana - Orellana - Puerto Francisco De Orellana (El Coca)";56;34,29;0,82;0,18;0,48;0,21;0,3;"Operativos de Transito SemiConstantes"
"Orellana - Orellana - Dayuma";4;32,5;1;0;0,25;0;0,75;"Operativos Regulares frecuentes"
"Orellana - Orellana - Alejandro Labaka";1;17;1;0;1;0;0;"Operativos Regulares frecuentes"
"Orellana - Orellana - La Belleza";1;22;1;0;0;1;0;"Operativos Regulares frecuentes"
"Orellana - Orellana - Nuevo Paraiso (Cab. En Union Chimborazo)";1;25;1;0;0;1;0;"Operativos Regulares frecuentes"
"Orellana - Orellana - San Jose De Guayusa";4;19,25;1;0;0,25;0,75;0;"Operativos Regulares frecuentes"
"Orellana - Orellana - San Luis De Armenia";4;34,75;0,25;0,75;0;0,5;0,5;"Operativos Regulares frecuentes"
"Orellana - Aguarico - Tiputini";1;19;0;1;1;0;0;"Operativos Regulares frecuentes"
"Orellana - La Joya De Los Sachas - La Joya De Los Sachas";18;34,33;0,89;0,11;0,33;0,39;0,28;"Operativos Regulares frecuentes"
"Orellana - La Joya De Los Sachas - Enokanqui";1;44;1;0;0;1;0;"Operativos Regulares frecuentes"
"Orellana - La Joya De Los Sachas - San Carlos";4;22,5;0,5;0,5;0,25;0,75;0;"Operativos Regulares frecuentes"
"Orellana - La Joya de los Sachas - San Sebastian del Coca";5;30,6;0,8;0,2;0,8;0;0,2;"Operativos Regulares frecuentes"
"Orellana - La Joya De Los Sachas - Lago San Pedro";2;41,5;1;0;0,5;0,5;0;"Operativos Regulares frecuentes"
"Orellana - La Joya de los Sachas - Union Milagrena";1;25;1;0;1;0;0;"Operativos Regulares frecuentes"
"Orellana - Loreto - Loreto";8;42,62;0,88;0,12;0,38;0,38;0,25;"Operativos Regulares frecuentes"
"Orellana - Loreto - Avila (Cab En Huiruno)";2;23,5;1;0;0,5;0,5;0;"Operativos Regulares frecuentes"
"Orellana - Loreto - San Jose De Payamino";7;26,29;0,57;0,43;0,14;0,14;0,71;"Operativos Regulares frecuentes"
"Orellana - Loreto - San Jose De Dahuano";4;48;0,75;0,25;0;0,5;0,5;"Operativos Regulares frecuentes"
"Orellana - Loreto - San Vicente de Huaticocha";2;37;0,5;0,5;0;0;1;"Operativos Regulares frecuentes"
"Santo Domingo de los Tsachilas - Santo Domingo - Abraham Calazacon";21;38,71;0,86;0,14;0,38;0,43;0,19;"Operativos Regulares frecuentes"
"Santo Domingo de los Tsachilas - Santo Domingo - Bomboli";22;32,45;0,95;0,05;0,18;0,55;0,27;"Operativos Regulares frecuentes"
"Santo Domingo de los Tsachilas - Santo Domingo - Chiguilpe";4;29,75;1;0;0;0,25;0,75;"Operativos Regulares frecuentes"
"Santo Domingo de los Tsachilas - Santo Domingo - Rio Toachi";7;34,71;0,71;0,29;0,14;0,57;0,29;"Operativos Regulares frecuentes"
"Santo Domingo de los Tsachilas - Santo Domingo - Rio Verde";11;30,36;0,91;0,09;0,09;0,82;0,09;"Operativos Regulares frecuentes"
"Santo Domingo de los Tsachilas - Santo Domingo - Santo Domingo De Los Colorados";80;35,92;0,8;0,2;0,16;0,62;0,21;"Operativos de Transito SemiConstantes"
"Santo Domingo de los Tsachilas - Santo Domingo - Zaracay";116;39,28;0,85;0,15;0,31;0,35;0,34;"Operativos de Transito SemiConstantes"
"Santo Domingo de los Tsachilas - Santo Domingo - Santo Domingo de los Colorados";75;34,24;0,85;0,15;0,65;0;0,35;"Operativos de Transito SemiConstantes"
"Santo Domingo de los Tsachilas - Santo Domingo - Alluriquin";10;47,6;0,8;0,2;0,3;0,2;0,5;"Operativos Regulares frecuentes"
"Santo Domingo de los Tsachilas - Santo Domingo - Puerto Limon";4;39,25;0,75;0,25;0;1;0;"Operativos Regulares frecuentes"
"Santo Domingo de los Tsachilas - Santo Domingo - Luz De America";6;47,83;1;0;0,17;0,33;0,5;"Operativos Regulares frecuentes"
"Santo Domingo de los Tsachilas - Santo Domingo - San Jacinto Del Bua";5;34;1;0;0,2;0,4;0,4;"Operativos Regulares frecuentes"
"Santo Domingo de los Tsachilas - Santo Domingo - Valle Hermoso";12;38,42;0,83;0,17;0,08;0,75;0,17;"Operativos Regulares frecuentes"
"Santo Domingo de los Tsachilas - Santo Domingo - El Esfuerzo";1;39;1;0;0;1;0;"Operativos Regulares frecuentes"
"Santo Domingo de los Tsachilas - Santo Domingo - Santa Maria del Toachi";1;2;1;0;1;0;0;"Operativos Regulares frecuentes"
"Santo Domingo de los Tsachilas - La Condordia - La Concordia";33;37,61;0,88;0,12;0,39;0,3;0,3;"Operativos de Transito SemiConstantes"
"Santo Domingo de los Tsachilas - La Condordia - Monterrey";3;35;1;0;0,33;0,33;0,33;"Operativos Regulares frecuentes"
"Santo Domingo de los Tsachilas - La Concordia - Las Villegas";1;58;1;0;0;0;1;"Operativos Regulares frecuentes"
"Santa Elena - Santa Elena - Ballenita";1;24;1;0;0;1;0;"Operativos Regulares frecuentes"
"Santa Elena - Santa Elena - Santa Elena";30;45,73;0,73;0,27;0,23;0,07;0,7;"Operativos de Transito SemiConstantes"
"Santa Elena - Santa Elena - Santa Elena";67;36,61;0,84;0,16;0,31;0,45;0,22;"Operativos de Transito SemiConstantes"
"Santa Elena - Santa Elena - Atahualpa";2;53,5;1;0;1;0;0;"Operativos Regulares frecuentes"
"Santa Elena - Santa Elena - Colonche";7;34,86;1;0;0;0,43;0,57;"Operativos Regulares frecuentes"
"Santa Elena - Santa Elena - Chanduy";5;30;1;0;0,2;0,4;0,4;"Operativos Regulares frecuentes"
"Santa Elena - Santa Elena - Manglaralto";17;28,88;0,94;0,06;0,35;0,29;0,29;"Operativos Regulares frecuentes"
"Santa Elena - Santa Elena - San Jose de Ancon";3;29;1;0;0,33;0;0,67;"Operativos Regulares frecuentes"
"Santa Elena - La Libertad - La Libertad";19;50,47;0,79;0,21;0,37;0,21;0,42;"Operativos Regulares frecuentes"
"Santa Elena - Salinas - Vicente Rocafuerte";5;27,2;0,6;0,4;0;0,6;0,4;"Operativos Regulares frecuentes"
"Santa Elena - Salinas - Santa Rosa";1;55;1;0;1;0;0;"Operativos Regulares frecuentes"
"Santa Elena - Salinas - Salinas";10;36,1;0,8;0,2;0,5;0,3;0,2;"Operativos Regulares frecuentes"
"Santa Elena - Salinas - Anconcito";1;23;1;0;0;1;0;"Operativos Regulares frecuentes"
